Command line invocation:
    /Applications/Xcode.app/Contents/Developer/usr/bin/xcodebuild -project ios/App/App.xcodeproj -scheme App -configuration Release -destination generic/platform=iOS -archivePath build/App20.xcarchive archive -allowProvisioningUpdates -authenticationKeyPath /Users/shinnomika/.appstoreconnect/private_keys/AuthKey_V2DJLMWAM3.p8 -authenticationKeyID V2DJLMWAM3 -authenticationKeyIssuerID 45f6c478-1907-47e6-9f78-b2e43eda8316

Resolve Package Graph


Resolved source packages:
  CapApp-SPM: /Users/shinnomika/git/kondate-planner/native/ios/App/CapApp-SPM @ local
  capacitor-swift-pm: https://github.com/ionic-team/capacitor-swift-pm.git @ 8.4.2
  CapacitorLocalNotifications: /Users/shinnomika/git/kondate-planner/native/node_modules/@capacitor/local-notifications @ local

2026-09-03 17:07:52.652 xcodebuild[54698:101653742] [MT] IDERunDestination: Supported platforms for the buildables in the current scheme is empty.
ComputePackagePrebuildTargetDependencyGraph

Prepare packages

CreateBuildRequest

SendProjectDescription

CreateBuildOperation

ComputeTargetDependencyGraph
note: Building targets in dependency order
note: Target dependency graph (7 targets)
    Target 'App' in project 'App'
        ➜ Explicit dependency on target 'CapApp-SPM' in project 'CapApp-SPM'
    Target 'CapApp-SPM' in project 'CapApp-SPM'
        ➜ Explicit dependency on target 'CapApp-SPM' in project 'CapApp-SPM'
        ➜ Explicit dependency on target 'Capacitor' in project 'capacitor-swift-pm'
        ➜ Explicit dependency on target 'Cordova' in project 'capacitor-swift-pm'
        ➜ Explicit dependency on target 'CapacitorLocalNotifications' in project 'CapacitorLocalNotifications'
    Target 'CapApp-SPM' in project 'CapApp-SPM'
        ➜ Explicit dependency on target 'Capacitor' in project 'capacitor-swift-pm'
        ➜ Explicit dependency on target 'Cordova' in project 'capacitor-swift-pm'
        ➜ Explicit dependency on target 'CapacitorLocalNotifications' in project 'CapacitorLocalNotifications'
    Target 'CapacitorLocalNotifications' in project 'CapacitorLocalNotifications'
        ➜ Explicit dependency on target 'LocalNotificationsPlugin' in project 'CapacitorLocalNotifications'
        ➜ Explicit dependency on target 'Capacitor' in project 'capacitor-swift-pm'
        ➜ Explicit dependency on target 'Cordova' in project 'capacitor-swift-pm'
    Target 'LocalNotificationsPlugin' in project 'CapacitorLocalNotifications'
        ➜ Explicit dependency on target 'Capacitor' in project 'capacitor-swift-pm'
        ➜ Explicit dependency on target 'Cordova' in project 'capacitor-swift-pm'
    Target 'Cordova' in project 'capacitor-swift-pm' (no dependencies)
    Target 'Capacitor' in project 'capacitor-swift-pm' (no dependencies)

GatherProvisioningInputs

CreateBuildDescription

ExecuteExternalTool /Applications/Xcode.app/Contents/Developer/Toolchains/XcodeDefault.xctoolchain/usr/bin/swiftc --version

ExecuteExternalTool /Applications/Xcode.app/Contents/Developer/usr/bin/actool --print-asset-tag-combinations --output-format xml1 /Users/shinnomika/git/kondate-planner/native/ios/App/App/Assets.xcassets

ExecuteExternalTool /Applications/Xcode.app/Contents/Developer/usr/bin/ibtool --version --output-format xml1

ExecuteExternalTool /Applications/Xcode.app/Contents/Developer/Toolchains/XcodeDefault.xctoolchain/usr/bin/clang -v -E -dM -isysroot /Applications/Xcode.app/Contents/Developer/Platforms/iPhoneOS.platform/Developer/SDKs/iPhoneOS26.5.sdk -x c -c /dev/null

ExecuteExternalTool /Applications/Xcode.app/Contents/Developer/Toolchains/XcodeDefault.xctoolchain/usr/bin/ld -version_details

ExecuteExternalTool /Applications/Xcode.app/Contents/Developer/usr/bin/actool --version --output-format xml1

Build description signature: 18dbc7d812a44af3d7cbbf87e5192c69
Build description path: /Users/shinnomika/Library/Developer/Xcode/DerivedData/App-ddycufmknjnqjpapxysqwvuelnli/Build/Intermediates.noindex/ArchiveIntermediates/App/IntermediateBuildFilesPath/XCBuildData/18dbc7d812a44af3d7cbbf87e5192c69.xcbuilddata
CreateBuildDirectory /Users/shinnomika/Library/Developer/Xcode/DerivedData/App-ddycufmknjnqjpapxysqwvuelnli/Build/Intermediates.noindex/ArchiveIntermediates/App/InstallationBuildProductsLocation
    cd /Users/shinnomika/git/kondate-planner/native/ios/App/App.xcodeproj
    builtin-create-build-directory /Users/shinnomika/Library/Developer/Xcode/DerivedData/App-ddycufmknjnqjpapxysqwvuelnli/Build/Intermediates.noindex/ArchiveIntermediates/App/InstallationBuildProductsLocation

CreateBuildDirectory /Users/shinnomika/Library/Developer/Xcode/DerivedData/App-ddycufmknjnqjpapxysqwvuelnli/Build/Intermediates.noindex/ArchiveIntermediates/App/IntermediateBuildFilesPath
    cd /Users/shinnomika/git/kondate-planner/native/ios/App/App.xcodeproj
    builtin-create-build-directory /Users/shinnomika/Library/Developer/Xcode/DerivedData/App-ddycufmknjnqjpapxysqwvuelnli/Build/Intermediates.noindex/ArchiveIntermediates/App/IntermediateBuildFilesPath

CreateBuildDirectory /Users/shinnomika/Library/Developer/Xcode/DerivedData/App-ddycufmknjnqjpapxysqwvuelnli/Build/Intermediates.noindex/ArchiveIntermediates/App/BuildProductsPath
    cd /Users/shinnomika/git/kondate-planner/native/ios/App/App.xcodeproj
    builtin-create-build-directory /Users/shinnomika/Library/Developer/Xcode/DerivedData/App-ddycufmknjnqjpapxysqwvuelnli/Build/Intermediates.noindex/ArchiveIntermediates/App/BuildProductsPath

ClangStatCache /Applications/Xcode.app/Contents/Developer/Toolchains/XcodeDefault.xctoolchain/usr/bin/clang-stat-cache /Applications/Xcode.app/Contents/Developer/Platforms/iPhoneOS.platform/Developer/SDKs/iPhoneOS26.5.sdk /Users/shinnomika/Library/Developer/Xcode/DerivedData/SDKStatCaches.noindex/iphoneos26.5-23F81a-32daed1954a7d5dd0789fcaf2a9bb78b.sdkstatcache
    cd /Users/shinnomika/git/kondate-planner/native/ios/App/App.xcodeproj
    /Applications/Xcode.app/Contents/Developer/Toolchains/XcodeDefault.xctoolchain/usr/bin/clang-stat-cache /Applications/Xcode.app/Contents/Developer/Platforms/iPhoneOS.platform/Developer/SDKs/iPhoneOS26.5.sdk -o /Users/shinnomika/Library/Developer/Xcode/DerivedData/SDKStatCaches.noindex/iphoneos26.5-23F81a-32daed1954a7d5dd0789fcaf2a9bb78b.sdkstatcache

SignatureCollection /Users/shinnomika/Library/Developer/Xcode/DerivedData/App-ddycufmknjnqjpapxysqwvuelnli/Build/Intermediates.noindex/ArchiveIntermediates/App/BuildProductsPath/Release-iphoneos/Capacitor.xcframework-ios.signature
    cd /Users/shinnomika/git/kondate-planner/native/ios/App/App.xcodeproj
    builtin-collectSignature --input /Users/shinnomika/Library/Developer/Xcode/DerivedData/App-ddycufmknjnqjpapxysqwvuelnli/SourcePackages/artifacts/capacitor-swift-pm/Capacitor/Capacitor.xcframework --output /Users/shinnomika/Library/Developer/Xcode/DerivedData/App-ddycufmknjnqjpapxysqwvuelnli/Build/Intermediates.noindex/ArchiveIntermediates/App/BuildProductsPath/Release-iphoneos/Capacitor.xcframework-ios.signature --info platform ios --info library Capacitor.framework

SignatureCollection /Users/shinnomika/Library/Developer/Xcode/DerivedData/App-ddycufmknjnqjpapxysqwvuelnli/Build/Intermediates.noindex/ArchiveIntermediates/App/BuildProductsPath/Release-iphoneos/Cordova.xcframework-ios.signature
    cd /Users/shinnomika/git/kondate-planner/native/ios/App/App.xcodeproj
    builtin-collectSignature --input /Users/shinnomika/Library/Developer/Xcode/DerivedData/App-ddycufmknjnqjpapxysqwvuelnli/SourcePackages/artifacts/capacitor-swift-pm/Cordova/Cordova.xcframework --output /Users/shinnomika/Library/Developer/Xcode/DerivedData/App-ddycufmknjnqjpapxysqwvuelnli/Build/Intermediates.noindex/ArchiveIntermediates/App/BuildProductsPath/Release-iphoneos/Cordova.xcframework-ios.signature --info platform ios --info library Cordova.framework

WriteAuxiliaryFile /Users/shinnomika/Library/Developer/Xcode/DerivedData/App-ddycufmknjnqjpapxysqwvuelnli/Build/Intermediates.noindex/ArchiveIntermediates/App/IntermediateBuildFilesPath/App.build/Release-iphoneos/App-0ca3007d900a678c2b4d53418799ee3d-VFS-iphoneos/all-product-headers.yaml
    cd /Users/shinnomika/git/kondate-planner/native/ios/App/App.xcodeproj
    write-file /Users/shinnomika/Library/Developer/Xcode/DerivedData/App-ddycufmknjnqjpapxysqwvuelnli/Build/Intermediates.noindex/ArchiveIntermediates/App/IntermediateBuildFilesPath/App.build/Release-iphoneos/App-0ca3007d900a678c2b4d53418799ee3d-VFS-iphoneos/all-product-headers.yaml

CreateBuildDirectory /Users/shinnomika/Library/Developer/Xcode/DerivedData/App-ddycufmknjnqjpapxysqwvuelnli/Build/Intermediates.noindex/ArchiveIntermediates/App/IntermediateBuildFilesPath/SwiftExplicitPrecompiledModules
    cd /Users/shinnomika/git/kondate-planner/native/ios/App/App.xcodeproj
    builtin-create-build-directory /Users/shinnomika/Library/Developer/Xcode/DerivedData/App-ddycufmknjnqjpapxysqwvuelnli/Build/Intermediates.noindex/ArchiveIntermediates/App/IntermediateBuildFilesPath/SwiftExplicitPrecompiledModules

CreateBuildDirectory /Users/shinnomika/Library/Developer/Xcode/DerivedData/App-ddycufmknjnqjpapxysqwvuelnli/Build/Intermediates.noindex/ArchiveIntermediates/App/IntermediateBuildFilesPath/ExplicitPrecompiledModules
    cd /Users/shinnomika/git/kondate-planner/native/ios/App/App.xcodeproj
    builtin-create-build-directory /Users/shinnomika/Library/Developer/Xcode/DerivedData/App-ddycufmknjnqjpapxysqwvuelnli/Build/Intermediates.noindex/ArchiveIntermediates/App/IntermediateBuildFilesPath/ExplicitPrecompiledModules

CreateBuildDirectory /Users/shinnomika/Library/Developer/Xcode/DerivedData/App-ddycufmknjnqjpapxysqwvuelnli/Build/Intermediates.noindex/ArchiveIntermediates/App/BuildProductsPath/Release-iphoneos
    cd /Users/shinnomika/git/kondate-planner/native/ios/App/App.xcodeproj
    builtin-create-build-directory /Users/shinnomika/Library/Developer/Xcode/DerivedData/App-ddycufmknjnqjpapxysqwvuelnli/Build/Intermediates.noindex/ArchiveIntermediates/App/BuildProductsPath/Release-iphoneos

CreateBuildDirectory /Users/shinnomika/Library/Developer/Xcode/DerivedData/App-ddycufmknjnqjpapxysqwvuelnli/Build/Intermediates.noindex/ArchiveIntermediates/App/IntermediateBuildFilesPath/EagerLinkingTBDs/Release-iphoneos
    cd /Users/shinnomika/git/kondate-planner/native/ios/App/App.xcodeproj
    builtin-create-build-directory /Users/shinnomika/Library/Developer/Xcode/DerivedData/App-ddycufmknjnqjpapxysqwvuelnli/Build/Intermediates.noindex/ArchiveIntermediates/App/IntermediateBuildFilesPath/EagerLinkingTBDs/Release-iphoneos

CreateBuildDirectory /Users/shinnomika/Library/Developer/Xcode/DerivedData/App-ddycufmknjnqjpapxysqwvuelnli/Build/Intermediates.noindex/ArchiveIntermediates/App/BuildProductsPath/Release-iphoneos/PackageFrameworks
    cd /Users/shinnomika/git/kondate-planner/native/ios/App/App.xcodeproj
    builtin-create-build-directory /Users/shinnomika/Library/Developer/Xcode/DerivedData/App-ddycufmknjnqjpapxysqwvuelnli/Build/Intermediates.noindex/ArchiveIntermediates/App/BuildProductsPath/Release-iphoneos/PackageFrameworks

ProcessXCFramework /Users/shinnomika/Library/Developer/Xcode/DerivedData/App-ddycufmknjnqjpapxysqwvuelnli/SourcePackages/artifacts/capacitor-swift-pm/Cordova/Cordova.xcframework /Users/shinnomika/Library/Developer/Xcode/DerivedData/App-ddycufmknjnqjpapxysqwvuelnli/Build/Intermediates.noindex/ArchiveIntermediates/App/BuildProductsPath/Release-iphoneos/Cordova.framework ios
    cd /Users/shinnomika/git/kondate-planner/native/ios/App/App.xcodeproj
    builtin-process-xcframework --xcframework /Users/shinnomika/Library/Developer/Xcode/DerivedData/App-ddycufmknjnqjpapxysqwvuelnli/SourcePackages/artifacts/capacitor-swift-pm/Cordova/Cordova.xcframework --platform ios --target-path /Users/shinnomika/Library/Developer/Xcode/DerivedData/App-ddycufmknjnqjpapxysqwvuelnli/Build/Intermediates.noindex/ArchiveIntermediates/App/BuildProductsPath/Release-iphoneos
/Users/shinnomika/Library/Developer/Xcode/DerivedData/App-ddycufmknjnqjpapxysqwvuelnli/SourcePackages/artifacts/capacitor-swift-pm/Cordova/Cordova.xcframework:1:1: note: The identity of “Cordova.xcframework” is not recorded in your project.

ProcessXCFramework /Users/shinnomika/Library/Developer/Xcode/DerivedData/App-ddycufmknjnqjpapxysqwvuelnli/SourcePackages/artifacts/capacitor-swift-pm/Capacitor/Capacitor.xcframework /Users/shinnomika/Library/Developer/Xcode/DerivedData/App-ddycufmknjnqjpapxysqwvuelnli/Build/Intermediates.noindex/ArchiveIntermediates/App/BuildProductsPath/Release-iphoneos/Capacitor.framework ios
    cd /Users/shinnomika/git/kondate-planner/native/ios/App/App.xcodeproj
    builtin-process-xcframework --xcframework /Users/shinnomika/Library/Developer/Xcode/DerivedData/App-ddycufmknjnqjpapxysqwvuelnli/SourcePackages/artifacts/capacitor-swift-pm/Capacitor/Capacitor.xcframework --platform ios --target-path /Users/shinnomika/Library/Developer/Xcode/DerivedData/App-ddycufmknjnqjpapxysqwvuelnli/Build/Intermediates.noindex/ArchiveIntermediates/App/BuildProductsPath/Release-iphoneos
/Users/shinnomika/Library/Developer/Xcode/DerivedData/App-ddycufmknjnqjpapxysqwvuelnli/SourcePackages/artifacts/capacitor-swift-pm/Capacitor/Capacitor.xcframework:1:1: note: The identity of “Capacitor.xcframework” is not recorded in your project.

WriteAuxiliaryFile /Users/shinnomika/Library/Developer/Xcode/DerivedData/App-ddycufmknjnqjpapxysqwvuelnli/Build/Intermediates.noindex/ArchiveIntermediates/App/IntermediateBuildFilesPath/CapacitorLocalNotifications.build/Release-iphoneos/LocalNotificationsPlugin.build/LocalNotificationsPlugin.DependencyMetadataFileList (in target 'LocalNotificationsPlugin' from project 'CapacitorLocalNotifications')
    cd /Users/shinnomika/git/kondate-planner/native/node_modules/@capacitor/local-notifications
    write-file /Users/shinnomika/Library/Developer/Xcode/DerivedData/App-ddycufmknjnqjpapxysqwvuelnli/Build/Intermediates.noindex/ArchiveIntermediates/App/IntermediateBuildFilesPath/CapacitorLocalNotifications.build/Release-iphoneos/LocalNotificationsPlugin.build/LocalNotificationsPlugin.DependencyMetadataFileList

WriteAuxiliaryFile /Users/shinnomika/Library/Developer/Xcode/DerivedData/App-ddycufmknjnqjpapxysqwvuelnli/Build/Intermediates.noindex/ArchiveIntermediates/App/IntermediateBuildFilesPath/CapacitorLocalNotifications.build/Release-iphoneos/LocalNotificationsPlugin.build/LocalNotificationsPlugin.DependencyStaticMetadataFileList (in target 'LocalNotificationsPlugin' from project 'CapacitorLocalNotifications')
    cd /Users/shinnomika/git/kondate-planner/native/node_modules/@capacitor/local-notifications
    write-file /Users/shinnomika/Library/Developer/Xcode/DerivedData/App-ddycufmknjnqjpapxysqwvuelnli/Build/Intermediates.noindex/ArchiveIntermediates/App/IntermediateBuildFilesPath/CapacitorLocalNotifications.build/Release-iphoneos/LocalNotificationsPlugin.build/LocalNotificationsPlugin.DependencyStaticMetadataFileList

WriteAuxiliaryFile /Users/shinnomika/Library/Developer/Xcode/DerivedData/App-ddycufmknjnqjpapxysqwvuelnli/Build/Intermediates.noindex/ArchiveIntermediates/App/IntermediateBuildFilesPath/CapacitorLocalNotifications.build/Release-iphoneos/LocalNotificationsPlugin.build/LocalNotificationsPlugin.modulemap (in target 'LocalNotificationsPlugin' from project 'CapacitorLocalNotifications')
    cd /Users/shinnomika/git/kondate-planner/native/node_modules/@capacitor/local-notifications
    write-file /Users/shinnomika/Library/Developer/Xcode/DerivedData/App-ddycufmknjnqjpapxysqwvuelnli/Build/Intermediates.noindex/ArchiveIntermediates/App/IntermediateBuildFilesPath/CapacitorLocalNotifications.build/Release-iphoneos/LocalNotificationsPlugin.build/LocalNotificationsPlugin.modulemap

WriteAuxiliaryFile /Users/shinnomika/Library/Developer/Xcode/DerivedData/App-ddycufmknjnqjpapxysqwvuelnli/Build/Intermediates.noindex/ArchiveIntermediates/App/IntermediateBuildFilesPath/CapacitorLocalNotifications.build/Release-iphoneos/LocalNotificationsPlugin.build/Objects-normal/arm64/LocalNotificationsPlugin.SwiftFileList (in target 'LocalNotificationsPlugin' from project 'CapacitorLocalNotifications')
    cd /Users/shinnomika/git/kondate-planner/native/node_modules/@capacitor/local-notifications
    write-file /Users/shinnomika/Library/Developer/Xcode/DerivedData/App-ddycufmknjnqjpapxysqwvuelnli/Build/Intermediates.noindex/ArchiveIntermediates/App/IntermediateBuildFilesPath/CapacitorLocalNotifications.build/Release-iphoneos/LocalNotificationsPlugin.build/Objects-normal/arm64/LocalNotificationsPlugin.SwiftFileList

WriteAuxiliaryFile /Users/shinnomika/Library/Developer/Xcode/DerivedData/App-ddycufmknjnqjpapxysqwvuelnli/Build/Intermediates.noindex/ArchiveIntermediates/App/IntermediateBuildFilesPath/CapacitorLocalNotifications.build/Release-iphoneos/LocalNotificationsPlugin.build/Objects-normal/arm64/LocalNotificationsPlugin_const_extract_protocols.json (in target 'LocalNotificationsPlugin' from project 'CapacitorLocalNotifications')
    cd /Users/shinnomika/git/kondate-planner/native/node_modules/@capacitor/local-notifications
    write-file /Users/shinnomika/Library/Developer/Xcode/DerivedData/App-ddycufmknjnqjpapxysqwvuelnli/Build/Intermediates.noindex/ArchiveIntermediates/App/IntermediateBuildFilesPath/CapacitorLocalNotifications.build/Release-iphoneos/LocalNotificationsPlugin.build/Objects-normal/arm64/LocalNotificationsPlugin_const_extract_protocols.json

WriteAuxiliaryFile /Users/shinnomika/Library/Developer/Xcode/DerivedData/App-ddycufmknjnqjpapxysqwvuelnli/Build/Intermediates.noindex/ArchiveIntermediates/App/IntermediateBuildFilesPath/CapacitorLocalNotifications.build/Release-iphoneos/LocalNotificationsPlugin.build/Objects-normal/arm64/LocalNotificationsPlugin-OutputFileMap.json (in target 'LocalNotificationsPlugin' from project 'CapacitorLocalNotifications')
    cd /Users/shinnomika/git/kondate-planner/native/node_modules/@capacitor/local-notifications
    write-file /Users/shinnomika/Library/Developer/Xcode/DerivedData/App-ddycufmknjnqjpapxysqwvuelnli/Build/Intermediates.noindex/ArchiveIntermediates/App/IntermediateBuildFilesPath/CapacitorLocalNotifications.build/Release-iphoneos/LocalNotificationsPlugin.build/Objects-normal/arm64/LocalNotificationsPlugin-OutputFileMap.json

WriteAuxiliaryFile /Users/shinnomika/Library/Developer/Xcode/DerivedData/App-ddycufmknjnqjpapxysqwvuelnli/Build/Intermediates.noindex/ArchiveIntermediates/App/IntermediateBuildFilesPath/CapacitorLocalNotifications.build/Release-iphoneos/LocalNotificationsPlugin.build/Objects-normal/arm64/LocalNotificationsPlugin.LinkFileList (in target 'LocalNotificationsPlugin' from project 'CapacitorLocalNotifications')
    cd /Users/shinnomika/git/kondate-planner/native/node_modules/@capacitor/local-notifications
    write-file /Users/shinnomika/Library/Developer/Xcode/DerivedData/App-ddycufmknjnqjpapxysqwvuelnli/Build/Intermediates.noindex/ArchiveIntermediates/App/IntermediateBuildFilesPath/CapacitorLocalNotifications.build/Release-iphoneos/LocalNotificationsPlugin.build/Objects-normal/arm64/LocalNotificationsPlugin.LinkFileList

WriteAuxiliaryFile /Users/shinnomika/Library/Developer/Xcode/DerivedData/App-ddycufmknjnqjpapxysqwvuelnli/Build/Intermediates.noindex/ArchiveIntermediates/App/IntermediateBuildFilesPath/CapacitorLocalNotifications.build/Release-iphoneos/LocalNotificationsPlugin.build/Objects-normal/arm64/LocalNotificationsPlugin.SwiftConstValuesFileList (in target 'LocalNotificationsPlugin' from project 'CapacitorLocalNotifications')
    cd /Users/shinnomika/git/kondate-planner/native/node_modules/@capacitor/local-notifications
    write-file /Users/shinnomika/Library/Developer/Xcode/DerivedData/App-ddycufmknjnqjpapxysqwvuelnli/Build/Intermediates.noindex/ArchiveIntermediates/App/IntermediateBuildFilesPath/CapacitorLocalNotifications.build/Release-iphoneos/LocalNotificationsPlugin.build/Objects-normal/arm64/LocalNotificationsPlugin.SwiftConstValuesFileList

WriteAuxiliaryFile /Users/shinnomika/Library/Developer/Xcode/DerivedData/App-ddycufmknjnqjpapxysqwvuelnli/Build/Intermediates.noindex/ArchiveIntermediates/App/IntermediateBuildFilesPath/CapApp-SPM.build/Release-iphoneos/CapApp-SPM.build/Objects-normal/arm64/CapApp-SPM_const_extract_protocols.json (in target 'CapApp-SPM' from project 'CapApp-SPM')
    cd /Users/shinnomika/git/kondate-planner/native/ios/App/CapApp-SPM
    write-file /Users/shinnomika/Library/Developer/Xcode/DerivedData/App-ddycufmknjnqjpapxysqwvuelnli/Build/Intermediates.noindex/ArchiveIntermediates/App/IntermediateBuildFilesPath/CapApp-SPM.build/Release-iphoneos/CapApp-SPM.build/Objects-normal/arm64/CapApp-SPM_const_extract_protocols.json

WriteAuxiliaryFile /Users/shinnomika/Library/Developer/Xcode/DerivedData/App-ddycufmknjnqjpapxysqwvuelnli/Build/Intermediates.noindex/ArchiveIntermediates/App/IntermediateBuildFilesPath/CapApp-SPM.build/Release-iphoneos/CapApp-SPM.build/Objects-normal/arm64/CapApp-SPM.SwiftFileList (in target 'CapApp-SPM' from project 'CapApp-SPM')
    cd /Users/shinnomika/git/kondate-planner/native/ios/App/CapApp-SPM
    write-file /Users/shinnomika/Library/Developer/Xcode/DerivedData/App-ddycufmknjnqjpapxysqwvuelnli/Build/Intermediates.noindex/ArchiveIntermediates/App/IntermediateBuildFilesPath/CapApp-SPM.build/Release-iphoneos/CapApp-SPM.build/Objects-normal/arm64/CapApp-SPM.SwiftFileList

WriteAuxiliaryFile /Users/shinnomika/Library/Developer/Xcode/DerivedData/App-ddycufmknjnqjpapxysqwvuelnli/Build/Intermediates.noindex/ArchiveIntermediates/App/IntermediateBuildFilesPath/CapApp-SPM.build/Release-iphoneos/CapApp-SPM.build/Objects-normal/arm64/CapApp-SPM.SwiftConstValuesFileList (in target 'CapApp-SPM' from project 'CapApp-SPM')
    cd /Users/shinnomika/git/kondate-planner/native/ios/App/CapApp-SPM
    write-file /Users/shinnomika/Library/Developer/Xcode/DerivedData/App-ddycufmknjnqjpapxysqwvuelnli/Build/Intermediates.noindex/ArchiveIntermediates/App/IntermediateBuildFilesPath/CapApp-SPM.build/Release-iphoneos/CapApp-SPM.build/Objects-normal/arm64/CapApp-SPM.SwiftConstValuesFileList

WriteAuxiliaryFile /Users/shinnomika/Library/Developer/Xcode/DerivedData/App-ddycufmknjnqjpapxysqwvuelnli/Build/Intermediates.noindex/ArchiveIntermediates/App/IntermediateBuildFilesPath/CapApp-SPM.build/Release-iphoneos/CapApp-SPM.build/Objects-normal/arm64/CapApp-SPM.LinkFileList (in target 'CapApp-SPM' from project 'CapApp-SPM')
    cd /Users/shinnomika/git/kondate-planner/native/ios/App/CapApp-SPM
    write-file /Users/shinnomika/Library/Developer/Xcode/DerivedData/App-ddycufmknjnqjpapxysqwvuelnli/Build/Intermediates.noindex/ArchiveIntermediates/App/IntermediateBuildFilesPath/CapApp-SPM.build/Release-iphoneos/CapApp-SPM.build/Objects-normal/arm64/CapApp-SPM.LinkFileList

WriteAuxiliaryFile /Users/shinnomika/Library/Developer/Xcode/DerivedData/App-ddycufmknjnqjpapxysqwvuelnli/Build/Intermediates.noindex/ArchiveIntermediates/App/IntermediateBuildFilesPath/CapApp-SPM.build/Release-iphoneos/CapApp-SPM.build/Objects-normal/arm64/CapApp-SPM-OutputFileMap.json (in target 'CapApp-SPM' from project 'CapApp-SPM')
    cd /Users/shinnomika/git/kondate-planner/native/ios/App/CapApp-SPM
    write-file /Users/shinnomika/Library/Developer/Xcode/DerivedData/App-ddycufmknjnqjpapxysqwvuelnli/Build/Intermediates.noindex/ArchiveIntermediates/App/IntermediateBuildFilesPath/CapApp-SPM.build/Release-iphoneos/CapApp-SPM.build/Objects-normal/arm64/CapApp-SPM-OutputFileMap.json

WriteAuxiliaryFile /Users/shinnomika/Library/Developer/Xcode/DerivedData/App-ddycufmknjnqjpapxysqwvuelnli/Build/Intermediates.noindex/ArchiveIntermediates/App/IntermediateBuildFilesPath/CapApp-SPM.build/Release-iphoneos/CapApp-SPM.build/CapApp-SPM.modulemap (in target 'CapApp-SPM' from project 'CapApp-SPM')
    cd /Users/shinnomika/git/kondate-planner/native/ios/App/CapApp-SPM
    write-file /Users/shinnomika/Library/Developer/Xcode/DerivedData/App-ddycufmknjnqjpapxysqwvuelnli/Build/Intermediates.noindex/ArchiveIntermediates/App/IntermediateBuildFilesPath/CapApp-SPM.build/Release-iphoneos/CapApp-SPM.build/CapApp-SPM.modulemap

WriteAuxiliaryFile /Users/shinnomika/Library/Developer/Xcode/DerivedData/App-ddycufmknjnqjpapxysqwvuelnli/Build/Intermediates.noindex/ArchiveIntermediates/App/IntermediateBuildFilesPath/CapApp-SPM.build/Release-iphoneos/CapApp-SPM.build/CapApp-SPM.DependencyStaticMetadataFileList (in target 'CapApp-SPM' from project 'CapApp-SPM')
    cd /Users/shinnomika/git/kondate-planner/native/ios/App/CapApp-SPM
    write-file /Users/shinnomika/Library/Developer/Xcode/DerivedData/App-ddycufmknjnqjpapxysqwvuelnli/Build/Intermediates.noindex/ArchiveIntermediates/App/IntermediateBuildFilesPath/CapApp-SPM.build/Release-iphoneos/CapApp-SPM.build/CapApp-SPM.DependencyStaticMetadataFileList

WriteAuxiliaryFile /Users/shinnomika/Library/Developer/Xcode/DerivedData/App-ddycufmknjnqjpapxysqwvuelnli/Build/Intermediates.noindex/ArchiveIntermediates/App/IntermediateBuildFilesPath/CapApp-SPM.build/Release-iphoneos/CapApp-SPM.build/CapApp-SPM.DependencyMetadataFileList (in target 'CapApp-SPM' from project 'CapApp-SPM')
    cd /Users/shinnomika/git/kondate-planner/native/ios/App/CapApp-SPM
    write-file /Users/shinnomika/Library/Developer/Xcode/DerivedData/App-ddycufmknjnqjpapxysqwvuelnli/Build/Intermediates.noindex/ArchiveIntermediates/App/IntermediateBuildFilesPath/CapApp-SPM.build/Release-iphoneos/CapApp-SPM.build/CapApp-SPM.DependencyMetadataFileList

Copy /Users/shinnomika/Library/Developer/Xcode/DerivedData/App-ddycufmknjnqjpapxysqwvuelnli/Build/Intermediates.noindex/ArchiveIntermediates/App/IntermediateBuildFilesPath/GeneratedModuleMaps-iphoneos/LocalNotificationsPlugin.modulemap /Users/shinnomika/Library/Developer/Xcode/DerivedData/App-ddycufmknjnqjpapxysqwvuelnli/Build/Intermediates.noindex/ArchiveIntermediates/App/IntermediateBuildFilesPath/CapacitorLocalNotifications.build/Release-iphoneos/LocalNotificationsPlugin.build/LocalNotificationsPlugin.modulemap (in target 'LocalNotificationsPlugin' from project 'CapacitorLocalNotifications')
    cd /Users/shinnomika/git/kondate-planner/native/node_modules/@capacitor/local-notifications
    builtin-copy -exclude .DS_Store -exclude CVS -exclude .svn -exclude .git -exclude .hg -strip-unsigned-binaries -strip-deterministic -strip-tool /Applications/Xcode.app/Contents/Developer/Toolchains/XcodeDefault.xctoolchain/usr/bin/strip -resolve-src-symlinks /Users/shinnomika/Library/Developer/Xcode/DerivedData/App-ddycufmknjnqjpapxysqwvuelnli/Build/Intermediates.noindex/ArchiveIntermediates/App/IntermediateBuildFilesPath/CapacitorLocalNotifications.build/Release-iphoneos/LocalNotificationsPlugin.build/LocalNotificationsPlugin.modulemap /Users/shinnomika/Library/Developer/Xcode/DerivedData/App-ddycufmknjnqjpapxysqwvuelnli/Build/Intermediates.noindex/ArchiveIntermediates/App/IntermediateBuildFilesPath/GeneratedModuleMaps-iphoneos

WriteAuxiliaryFile /Users/shinnomika/Library/Developer/Xcode/DerivedData/App-ddycufmknjnqjpapxysqwvuelnli/Build/Intermediates.noindex/ArchiveIntermediates/App/IntermediateBuildFilesPath/App.build/Release-iphoneos/App.build/Objects-normal/arm64/App_const_extract_protocols.json (in target 'App' from project 'App')
    cd /Users/shinnomika/git/kondate-planner/native/ios/App
    write-file /Users/shinnomika/Library/Developer/Xcode/DerivedData/App-ddycufmknjnqjpapxysqwvuelnli/Build/Intermediates.noindex/ArchiveIntermediates/App/IntermediateBuildFilesPath/App.build/Release-iphoneos/App.build/Objects-normal/arm64/App_const_extract_protocols.json

WriteAuxiliaryFile /Users/shinnomika/Library/Developer/Xcode/DerivedData/App-ddycufmknjnqjpapxysqwvuelnli/Build/Intermediates.noindex/ArchiveIntermediates/App/IntermediateBuildFilesPath/App.build/Release-iphoneos/App.build/Objects-normal/arm64/App.SwiftFileList (in target 'App' from project 'App')
    cd /Users/shinnomika/git/kondate-planner/native/ios/App
    write-file /Users/shinnomika/Library/Developer/Xcode/DerivedData/App-ddycufmknjnqjpapxysqwvuelnli/Build/Intermediates.noindex/ArchiveIntermediates/App/IntermediateBuildFilesPath/App.build/Release-iphoneos/App.build/Objects-normal/arm64/App.SwiftFileList

WriteAuxiliaryFile /Users/shinnomika/Library/Developer/Xcode/DerivedData/App-ddycufmknjnqjpapxysqwvuelnli/Build/Intermediates.noindex/ArchiveIntermediates/App/IntermediateBuildFilesPath/App.build/Release-iphoneos/App.build/Objects-normal/arm64/App.SwiftConstValuesFileList (in target 'App' from project 'App')
    cd /Users/shinnomika/git/kondate-planner/native/ios/App
    write-file /Users/shinnomika/Library/Developer/Xcode/DerivedData/App-ddycufmknjnqjpapxysqwvuelnli/Build/Intermediates.noindex/ArchiveIntermediates/App/IntermediateBuildFilesPath/App.build/Release-iphoneos/App.build/Objects-normal/arm64/App.SwiftConstValuesFileList

WriteAuxiliaryFile /Users/shinnomika/Library/Developer/Xcode/DerivedData/App-ddycufmknjnqjpapxysqwvuelnli/Build/Intermediates.noindex/ArchiveIntermediates/App/IntermediateBuildFilesPath/App.build/Release-iphoneos/App.build/Objects-normal/arm64/App.LinkFileList (in target 'App' from project 'App')
    cd /Users/shinnomika/git/kondate-planner/native/ios/App
    write-file /Users/shinnomika/Library/Developer/Xcode/DerivedData/App-ddycufmknjnqjpapxysqwvuelnli/Build/Intermediates.noindex/ArchiveIntermediates/App/IntermediateBuildFilesPath/App.build/Release-iphoneos/App.build/Objects-normal/arm64/App.LinkFileList

WriteAuxiliaryFile /Users/shinnomika/Library/Developer/Xcode/DerivedData/App-ddycufmknjnqjpapxysqwvuelnli/Build/Intermediates.noindex/ArchiveIntermediates/App/IntermediateBuildFilesPath/App.build/Release-iphoneos/App.build/Objects-normal/arm64/App-OutputFileMap.json (in target 'App' from project 'App')
    cd /Users/shinnomika/git/kondate-planner/native/ios/App
    write-file /Users/shinnomika/Library/Developer/Xcode/DerivedData/App-ddycufmknjnqjpapxysqwvuelnli/Build/Intermediates.noindex/ArchiveIntermediates/App/IntermediateBuildFilesPath/App.build/Release-iphoneos/App.build/Objects-normal/arm64/App-OutputFileMap.json

WriteAuxiliaryFile /Users/shinnomika/Library/Developer/Xcode/DerivedData/App-ddycufmknjnqjpapxysqwvuelnli/Build/Intermediates.noindex/ArchiveIntermediates/App/IntermediateBuildFilesPath/App.build/Release-iphoneos/App.build/App.hmap (in target 'App' from project 'App')
    cd /Users/shinnomika/git/kondate-planner/native/ios/App
    write-file /Users/shinnomika/Library/Developer/Xcode/DerivedData/App-ddycufmknjnqjpapxysqwvuelnli/Build/Intermediates.noindex/ArchiveIntermediates/App/IntermediateBuildFilesPath/App.build/Release-iphoneos/App.build/App.hmap

WriteAuxiliaryFile /Users/shinnomika/Library/Developer/Xcode/DerivedData/App-ddycufmknjnqjpapxysqwvuelnli/Build/Intermediates.noindex/ArchiveIntermediates/App/IntermediateBuildFilesPath/App.build/Release-iphoneos/App.build/DerivedSources/Entitlements.plist (in target 'App' from project 'App')
    cd /Users/shinnomika/git/kondate-planner/native/ios/App
    write-file /Users/shinnomika/Library/Developer/Xcode/DerivedData/App-ddycufmknjnqjpapxysqwvuelnli/Build/Intermediates.noindex/ArchiveIntermediates/App/IntermediateBuildFilesPath/App.build/Release-iphoneos/App.build/DerivedSources/Entitlements.plist

WriteAuxiliaryFile /Users/shinnomika/Library/Developer/Xcode/DerivedData/App-ddycufmknjnqjpapxysqwvuelnli/Build/Intermediates.noindex/ArchiveIntermediates/App/IntermediateBuildFilesPath/App.build/Release-iphoneos/App.build/App.DependencyMetadataFileList (in target 'App' from project 'App')
    cd /Users/shinnomika/git/kondate-planner/native/ios/App
    write-file /Users/shinnomika/Library/Developer/Xcode/DerivedData/App-ddycufmknjnqjpapxysqwvuelnli/Build/Intermediates.noindex/ArchiveIntermediates/App/IntermediateBuildFilesPath/App.build/Release-iphoneos/App.build/App.DependencyMetadataFileList

WriteAuxiliaryFile /Users/shinnomika/Library/Developer/Xcode/DerivedData/App-ddycufmknjnqjpapxysqwvuelnli/Build/Intermediates.noindex/ArchiveIntermediates/App/IntermediateBuildFilesPath/App.build/Release-iphoneos/App.build/App-project-headers.hmap (in target 'App' from project 'App')
    cd /Users/shinnomika/git/kondate-planner/native/ios/App
    write-file /Users/shinnomika/Library/Developer/Xcode/DerivedData/App-ddycufmknjnqjpapxysqwvuelnli/Build/Intermediates.noindex/ArchiveIntermediates/App/IntermediateBuildFilesPath/App.build/Release-iphoneos/App.build/App-project-headers.hmap

WriteAuxiliaryFile /Users/shinnomika/Library/Developer/Xcode/DerivedData/App-ddycufmknjnqjpapxysqwvuelnli/Build/Intermediates.noindex/ArchiveIntermediates/App/IntermediateBuildFilesPath/App.build/Release-iphoneos/App.build/App.DependencyStaticMetadataFileList (in target 'App' from project 'App')
    cd /Users/shinnomika/git/kondate-planner/native/ios/App
    write-file /Users/shinnomika/Library/Developer/Xcode/DerivedData/App-ddycufmknjnqjpapxysqwvuelnli/Build/Intermediates.noindex/ArchiveIntermediates/App/IntermediateBuildFilesPath/App.build/Release-iphoneos/App.build/App.DependencyStaticMetadataFileList

Copy /Users/shinnomika/Library/Developer/Xcode/DerivedData/App-ddycufmknjnqjpapxysqwvuelnli/Build/Intermediates.noindex/ArchiveIntermediates/App/IntermediateBuildFilesPath/GeneratedModuleMaps-iphoneos/CapApp-SPM.modulemap /Users/shinnomika/Library/Developer/Xcode/DerivedData/App-ddycufmknjnqjpapxysqwvuelnli/Build/Intermediates.noindex/ArchiveIntermediates/App/IntermediateBuildFilesPath/CapApp-SPM.build/Release-iphoneos/CapApp-SPM.build/CapApp-SPM.modulemap (in target 'CapApp-SPM' from project 'CapApp-SPM')
    cd /Users/shinnomika/git/kondate-planner/native/ios/App/CapApp-SPM
    builtin-copy -exclude .DS_Store -exclude CVS -exclude .svn -exclude .git -exclude .hg -strip-unsigned-binaries -strip-deterministic -strip-tool /Applications/Xcode.app/Contents/Developer/Toolchains/XcodeDefault.xctoolchain/usr/bin/strip -resolve-src-symlinks /Users/shinnomika/Library/Developer/Xcode/DerivedData/App-ddycufmknjnqjpapxysqwvuelnli/Build/Intermediates.noindex/ArchiveIntermediates/App/IntermediateBuildFilesPath/CapApp-SPM.build/Release-iphoneos/CapApp-SPM.build/CapApp-SPM.modulemap /Users/shinnomika/Library/Developer/Xcode/DerivedData/App-ddycufmknjnqjpapxysqwvuelnli/Build/Intermediates.noindex/ArchiveIntermediates/App/IntermediateBuildFilesPath/GeneratedModuleMaps-iphoneos

WriteAuxiliaryFile /Users/shinnomika/Library/Developer/Xcode/DerivedData/App-ddycufmknjnqjpapxysqwvuelnli/Build/Intermediates.noindex/ArchiveIntermediates/App/IntermediateBuildFilesPath/App.build/Release-iphoneos/App.build/App-generated-files.hmap (in target 'App' from project 'App')
    cd /Users/shinnomika/git/kondate-planner/native/ios/App
    write-file /Users/shinnomika/Library/Developer/Xcode/DerivedData/App-ddycufmknjnqjpapxysqwvuelnli/Build/Intermediates.noindex/ArchiveIntermediates/App/IntermediateBuildFilesPath/App.build/Release-iphoneos/App.build/App-generated-files.hmap

WriteAuxiliaryFile /Users/shinnomika/Library/Developer/Xcode/DerivedData/App-ddycufmknjnqjpapxysqwvuelnli/Build/Intermediates.noindex/ArchiveIntermediates/App/IntermediateBuildFilesPath/App.build/Release-iphoneos/App.build/App-own-target-headers.hmap (in target 'App' from project 'App')
    cd /Users/shinnomika/git/kondate-planner/native/ios/App
    write-file /Users/shinnomika/Library/Developer/Xcode/DerivedData/App-ddycufmknjnqjpapxysqwvuelnli/Build/Intermediates.noindex/ArchiveIntermediates/App/IntermediateBuildFilesPath/App.build/Release-iphoneos/App.build/App-own-target-headers.hmap

WriteAuxiliaryFile /Users/shinnomika/Library/Developer/Xcode/DerivedData/App-ddycufmknjnqjpapxysqwvuelnli/Build/Intermediates.noindex/ArchiveIntermediates/App/IntermediateBuildFilesPath/App.build/Release-iphoneos/App.build/App-all-target-headers.hmap (in target 'App' from project 'App')
    cd /Users/shinnomika/git/kondate-planner/native/ios/App
    write-file /Users/shinnomika/Library/Developer/Xcode/DerivedData/App-ddycufmknjnqjpapxysqwvuelnli/Build/Intermediates.noindex/ArchiveIntermediates/App/IntermediateBuildFilesPath/App.build/Release-iphoneos/App.build/App-all-target-headers.hmap

WriteAuxiliaryFile /Users/shinnomika/Library/Developer/Xcode/DerivedData/App-ddycufmknjnqjpapxysqwvuelnli/Build/Intermediates.noindex/ArchiveIntermediates/App/IntermediateBuildFilesPath/App.build/Release-iphoneos/App.build/App-all-non-framework-target-headers.hmap (in target 'App' from project 'App')
    cd /Users/shinnomika/git/kondate-planner/native/ios/App
    write-file /Users/shinnomika/Library/Developer/Xcode/DerivedData/App-ddycufmknjnqjpapxysqwvuelnli/Build/Intermediates.noindex/ArchiveIntermediates/App/IntermediateBuildFilesPath/App.build/Release-iphoneos/App.build/App-all-non-framework-target-headers.hmap

SymLink /Users/shinnomika/Library/Developer/Xcode/DerivedData/App-ddycufmknjnqjpapxysqwvuelnli/Build/Intermediates.noindex/ArchiveIntermediates/App/BuildProductsPath/Release-iphoneos/LocalNotificationsPlugin.o ../../IntermediateBuildFilesPath/UninstalledProducts/iphoneos/LocalNotificationsPlugin.o (in target 'LocalNotificationsPlugin' from project 'CapacitorLocalNotifications')
    cd /Users/shinnomika/git/kondate-planner/native/node_modules/@capacitor/local-notifications
    /bin/ln -sfh ../../IntermediateBuildFilesPath/UninstalledProducts/iphoneos/LocalNotificationsPlugin.o /Users/shinnomika/Library/Developer/Xcode/DerivedData/App-ddycufmknjnqjpapxysqwvuelnli/Build/Intermediates.noindex/ArchiveIntermediates/App/BuildProductsPath/Release-iphoneos/LocalNotificationsPlugin.o

SymLink /Users/shinnomika/Library/Developer/Xcode/DerivedData/App-ddycufmknjnqjpapxysqwvuelnli/Build/Intermediates.noindex/ArchiveIntermediates/App/BuildProductsPath/Release-iphoneos/CapApp-SPM.o ../../IntermediateBuildFilesPath/UninstalledProducts/iphoneos/CapApp-SPM.o (in target 'CapApp-SPM' from project 'CapApp-SPM')
    cd /Users/shinnomika/git/kondate-planner/native/ios/App/CapApp-SPM
    /bin/ln -sfh ../../IntermediateBuildFilesPath/UninstalledProducts/iphoneos/CapApp-SPM.o /Users/shinnomika/Library/Developer/Xcode/DerivedData/App-ddycufmknjnqjpapxysqwvuelnli/Build/Intermediates.noindex/ArchiveIntermediates/App/BuildProductsPath/Release-iphoneos/CapApp-SPM.o

SymLink /Users/shinnomika/Library/Developer/Xcode/DerivedData/App-ddycufmknjnqjpapxysqwvuelnli/Build/Intermediates.noindex/ArchiveIntermediates/App/BuildProductsPath/Release-iphoneos/App.app ../../InstallationBuildProductsLocation/Applications/App.app (in target 'App' from project 'App')
    cd /Users/shinnomika/git/kondate-planner/native/ios/App
    /bin/ln -sfh ../../InstallationBuildProductsLocation/Applications/App.app /Users/shinnomika/Library/Developer/Xcode/DerivedData/App-ddycufmknjnqjpapxysqwvuelnli/Build/Intermediates.noindex/ArchiveIntermediates/App/BuildProductsPath/Release-iphoneos/App.app

MkDir /Users/shinnomika/Library/Developer/Xcode/DerivedData/App-ddycufmknjnqjpapxysqwvuelnli/Build/Intermediates.noindex/ArchiveIntermediates/App/InstallationBuildProductsLocation/Applications/App.app (in target 'App' from project 'App')
    cd /Users/shinnomika/git/kondate-planner/native/ios/App
    /bin/mkdir -p /Users/shinnomika/Library/Developer/Xcode/DerivedData/App-ddycufmknjnqjpapxysqwvuelnli/Build/Intermediates.noindex/ArchiveIntermediates/App/InstallationBuildProductsLocation/Applications/App.app

MkDir /Users/shinnomika/Library/Developer/Xcode/DerivedData/App-ddycufmknjnqjpapxysqwvuelnli/Build/Intermediates.noindex/ArchiveIntermediates/App/InstallationBuildProductsLocation/Applications/App.app/Frameworks (in target 'App' from project 'App')
    cd /Users/shinnomika/git/kondate-planner/native/ios/App
    /bin/mkdir -p /Users/shinnomika/Library/Developer/Xcode/DerivedData/App-ddycufmknjnqjpapxysqwvuelnli/Build/Intermediates.noindex/ArchiveIntermediates/App/InstallationBuildProductsLocation/Applications/App.app/Frameworks

SwiftDriver LocalNotificationsPlugin normal arm64 com.apple.xcode.tools.swift.compiler (in target 'LocalNotificationsPlugin' from project 'CapacitorLocalNotifications')
    cd /Users/shinnomika/git/kondate-planner/native/ios/App/App.xcodeproj
    builtin-SwiftDriver -- /Applications/Xcode.app/Contents/Developer/Toolchains/XcodeDefault.xctoolchain/usr/bin/swiftc -module-name LocalNotificationsPlugin -O -whole-module-optimization @/Users/shinnomika/Library/Developer/Xcode/DerivedData/App-ddycufmknjnqjpapxysqwvuelnli/Build/Intermediates.noindex/ArchiveIntermediates/App/IntermediateBuildFilesPath/CapacitorLocalNotifications.build/Release-iphoneos/LocalNotificationsPlugin.build/Objects-normal/arm64/LocalNotificationsPlugin.SwiftFileList -DSWIFT_PACKAGE -DSWIFT_MODULE_RESOURCE_BUNDLE_UNAVAILABLE -DXcode -plugin-path /Applications/Xcode.app/Contents/Developer/Toolchains/XcodeDefault.xctoolchain/usr/lib/swift/host/plugins/testing -enable-experimental-feature DebugDescriptionMacro -sdk /Applications/Xcode.app/Contents/Developer/Platforms/iPhoneOS.platform/Developer/SDKs/iPhoneOS26.5.sdk -target arm64-apple-ios15.0 -g -module-cache-path /Users/shinnomika/Library/Developer/Xcode/DerivedData/ModuleCache.noindex -Xfrontend -serialize-debugging-options -suppress-warnings -swift-version 5 -I /Users/shinnomika/Library/Developer/Xcode/DerivedData/App-ddycufmknjnqjpapxysqwvuelnli/Build/Intermediates.noindex/ArchiveIntermediates/App/BuildProductsPath/Release-iphoneos -Isystem /Applications/Xcode.app/Contents/Developer/Platforms/iPhoneOS.platform/Developer/usr/lib -F /Users/shinnomika/Library/Developer/Xcode/DerivedData/App-ddycufmknjnqjpapxysqwvuelnli/Build/Intermediates.noindex/ArchiveIntermediates/App/BuildProductsPath/Release-iphoneos -F /Applications/Xcode.app/Contents/Developer/Platforms/iPhoneOS.platform/Developer/Library/Frameworks -F /Applications/Xcode.app/Contents/Developer/Platforms/iPhoneOS.platform/Developer/SDKs/iPhoneOS26.5.sdk/Developer/Library/Frameworks -c -num-threads 10 -Xcc -ivfsstatcache -Xcc /Users/shinnomika/Library/Developer/Xcode/DerivedData/SDKStatCaches.noindex/iphoneos26.5-23F81a-32daed1954a7d5dd0789fcaf2a9bb78b.sdkstatcache -output-file-map /Users/shinnomika/Library/Developer/Xcode/DerivedData/App-ddycufmknjnqjpapxysqwvuelnli/Build/Intermediates.noindex/ArchiveIntermediates/App/IntermediateBuildFilesPath/CapacitorLocalNotifications.build/Release-iphoneos/LocalNotificationsPlugin.build/Objects-normal/arm64/LocalNotificationsPlugin-OutputFileMap.json -use-frontend-parseable-output -save-temps -no-color-diagnostics -explicit-module-build -module-cache-path /Users/shinnomika/Library/Developer/Xcode/DerivedData/App-ddycufmknjnqjpapxysqwvuelnli/Build/Intermediates.noindex/ArchiveIntermediates/App/IntermediateBuildFilesPath/SwiftExplicitPrecompiledModules -clang-scanner-module-cache-path /Users/shinnomika/Library/Developer/Xcode/DerivedData/ModuleCache.noindex -sdk-module-cache-path /Users/shinnomika/Library/Developer/Xcode/DerivedData/ModuleCache.noindex -serialize-diagnostics -emit-dependencies -emit-module -emit-module-path /Users/shinnomika/Library/Developer/Xcode/DerivedData/App-ddycufmknjnqjpapxysqwvuelnli/Build/Intermediates.noindex/ArchiveIntermediates/App/IntermediateBuildFilesPath/CapacitorLocalNotifications.build/Release-iphoneos/LocalNotificationsPlugin.build/Objects-normal/arm64/LocalNotificationsPlugin.swiftmodule -validate-clang-modules-once -clang-build-session-file /Users/shinnomika/Library/Developer/Xcode/DerivedData/ModuleCache.noindex/Session.modulevalidation -package-name local_notifications -Xcc -I/Users/shinnomika/Library/Developer/Xcode/DerivedData/App-ddycufmknjnqjpapxysqwvuelnli/Build/Intermediates.noindex/ArchiveIntermediates/App/IntermediateBuildFilesPath/CapacitorLocalNotifications.build/Release-iphoneos/LocalNotificationsPlugin.build/swift-overrides.hmap -emit-const-values -Xfrontend -const-gather-protocols-file -Xfrontend /Users/shinnomika/Library/Developer/Xcode/DerivedData/App-ddycufmknjnqjpapxysqwvuelnli/Build/Intermediates.noindex/ArchiveIntermediates/App/IntermediateBuildFilesPath/CapacitorLocalNotifications.build/Release-iphoneos/LocalNotificationsPlugin.build/Objects-normal/arm64/LocalNotificationsPlugin_const_extract_protocols.json -Xcc -I/Users/shinnomika/Library/Developer/Xcode/DerivedData/App-ddycufmknjnqjpapxysqwvuelnli/Build/Intermediates.noindex/ArchiveIntermediates/App/BuildProductsPath/Release-iphoneos/include -Xcc -I/Users/shinnomika/Library/Developer/Xcode/DerivedData/App-ddycufmknjnqjpapxysqwvuelnli/Build/Intermediates.noindex/ArchiveIntermediates/App/IntermediateBuildFilesPath/CapacitorLocalNotifications.build/Release-iphoneos/LocalNotificationsPlugin.build/DerivedSources-normal/arm64 -Xcc -I/Users/shinnomika/Library/Developer/Xcode/DerivedData/App-ddycufmknjnqjpapxysqwvuelnli/Build/Intermediates.noindex/ArchiveIntermediates/App/IntermediateBuildFilesPath/CapacitorLocalNotifications.build/Release-iphoneos/LocalNotificationsPlugin.build/DerivedSources/arm64 -Xcc -I/Users/shinnomika/Library/Developer/Xcode/DerivedData/App-ddycufmknjnqjpapxysqwvuelnli/Build/Intermediates.noindex/ArchiveIntermediates/App/IntermediateBuildFilesPath/CapacitorLocalNotifications.build/Release-iphoneos/LocalNotificationsPlugin.build/DerivedSources -Xcc -DSWIFT_PACKAGE -emit-objc-header -emit-objc-header-path /Users/shinnomika/Library/Developer/Xcode/DerivedData/App-ddycufmknjnqjpapxysqwvuelnli/Build/Intermediates.noindex/ArchiveIntermediates/App/IntermediateBuildFilesPath/CapacitorLocalNotifications.build/Release-iphoneos/LocalNotificationsPlugin.build/Objects-normal/arm64/LocalNotificationsPlugin-Swift.h -working-directory /Users/shinnomika/git/kondate-planner/native/ios/App/App.xcodeproj -no-emit-module-separately-wmo

SwiftDriver\ Compilation LocalNotificationsPlugin normal arm64 com.apple.xcode.tools.swift.compiler (in target 'LocalNotificationsPlugin' from project 'CapacitorLocalNotifications')
    cd /Users/shinnomika/git/kondate-planner/native/ios/App/App.xcodeproj
    builtin-Swift-Compilation -- /Applications/Xcode.app/Contents/Developer/Toolchains/XcodeDefault.xctoolchain/usr/bin/swiftc -module-name LocalNotificationsPlugin -O -whole-module-optimization @/Users/shinnomika/Library/Developer/Xcode/DerivedData/App-ddycufmknjnqjpapxysqwvuelnli/Build/Intermediates.noindex/ArchiveIntermediates/App/IntermediateBuildFilesPath/CapacitorLocalNotifications.build/Release-iphoneos/LocalNotificationsPlugin.build/Objects-normal/arm64/LocalNotificationsPlugin.SwiftFileList -DSWIFT_PACKAGE -DSWIFT_MODULE_RESOURCE_BUNDLE_UNAVAILABLE -DXcode -plugin-path /Applications/Xcode.app/Contents/Developer/Toolchains/XcodeDefault.xctoolchain/usr/lib/swift/host/plugins/testing -enable-experimental-feature DebugDescriptionMacro -sdk /Applications/Xcode.app/Contents/Developer/Platforms/iPhoneOS.platform/Developer/SDKs/iPhoneOS26.5.sdk -target arm64-apple-ios15.0 -g -module-cache-path /Users/shinnomika/Library/Developer/Xcode/DerivedData/ModuleCache.noindex -Xfrontend -serialize-debugging-options -suppress-warnings -swift-version 5 -I /Users/shinnomika/Library/Developer/Xcode/DerivedData/App-ddycufmknjnqjpapxysqwvuelnli/Build/Intermediates.noindex/ArchiveIntermediates/App/BuildProductsPath/Release-iphoneos -Isystem /Applications/Xcode.app/Contents/Developer/Platforms/iPhoneOS.platform/Developer/usr/lib -F /Users/shinnomika/Library/Developer/Xcode/DerivedData/App-ddycufmknjnqjpapxysqwvuelnli/Build/Intermediates.noindex/ArchiveIntermediates/App/BuildProductsPath/Release-iphoneos -F /Applications/Xcode.app/Contents/Developer/Platforms/iPhoneOS.platform/Developer/Library/Frameworks -F /Applications/Xcode.app/Contents/Developer/Platforms/iPhoneOS.platform/Developer/SDKs/iPhoneOS26.5.sdk/Developer/Library/Frameworks -c -num-threads 10 -Xcc -ivfsstatcache -Xcc /Users/shinnomika/Library/Developer/Xcode/DerivedData/SDKStatCaches.noindex/iphoneos26.5-23F81a-32daed1954a7d5dd0789fcaf2a9bb78b.sdkstatcache -output-file-map /Users/shinnomika/Library/Developer/Xcode/DerivedData/App-ddycufmknjnqjpapxysqwvuelnli/Build/Intermediates.noindex/ArchiveIntermediates/App/IntermediateBuildFilesPath/CapacitorLocalNotifications.build/Release-iphoneos/LocalNotificationsPlugin.build/Objects-normal/arm64/LocalNotificationsPlugin-OutputFileMap.json -use-frontend-parseable-output -save-temps -no-color-diagnostics -explicit-module-build -module-cache-path /Users/shinnomika/Library/Developer/Xcode/DerivedData/App-ddycufmknjnqjpapxysqwvuelnli/Build/Intermediates.noindex/ArchiveIntermediates/App/IntermediateBuildFilesPath/SwiftExplicitPrecompiledModules -clang-scanner-module-cache-path /Users/shinnomika/Library/Developer/Xcode/DerivedData/ModuleCache.noindex -sdk-module-cache-path /Users/shinnomika/Library/Developer/Xcode/DerivedData/ModuleCache.noindex -serialize-diagnostics -emit-dependencies -emit-module -emit-module-path /Users/shinnomika/Library/Developer/Xcode/DerivedData/App-ddycufmknjnqjpapxysqwvuelnli/Build/Intermediates.noindex/ArchiveIntermediates/App/IntermediateBuildFilesPath/CapacitorLocalNotifications.build/Release-iphoneos/LocalNotificationsPlugin.build/Objects-normal/arm64/LocalNotificationsPlugin.swiftmodule -validate-clang-modules-once -clang-build-session-file /Users/shinnomika/Library/Developer/Xcode/DerivedData/ModuleCache.noindex/Session.modulevalidation -package-name local_notifications -Xcc -I/Users/shinnomika/Library/Developer/Xcode/DerivedData/App-ddycufmknjnqjpapxysqwvuelnli/Build/Intermediates.noindex/ArchiveIntermediates/App/IntermediateBuildFilesPath/CapacitorLocalNotifications.build/Release-iphoneos/LocalNotificationsPlugin.build/swift-overrides.hmap -emit-const-values -Xfrontend -const-gather-protocols-file -Xfrontend /Users/shinnomika/Library/Developer/Xcode/DerivedData/App-ddycufmknjnqjpapxysqwvuelnli/Build/Intermediates.noindex/ArchiveIntermediates/App/IntermediateBuildFilesPath/CapacitorLocalNotifications.build/Release-iphoneos/LocalNotificationsPlugin.build/Objects-normal/arm64/LocalNotificationsPlugin_const_extract_protocols.json -Xcc -I/Users/shinnomika/Library/Developer/Xcode/DerivedData/App-ddycufmknjnqjpapxysqwvuelnli/Build/Intermediates.noindex/ArchiveIntermediates/App/BuildProductsPath/Release-iphoneos/include -Xcc -I/Users/shinnomika/Library/Developer/Xcode/DerivedData/App-ddycufmknjnqjpapxysqwvuelnli/Build/Intermediates.noindex/ArchiveIntermediates/App/IntermediateBuildFilesPath/CapacitorLocalNotifications.build/Release-iphoneos/LocalNotificationsPlugin.build/DerivedSources-normal/arm64 -Xcc -I/Users/shinnomika/Library/Developer/Xcode/DerivedData/App-ddycufmknjnqjpapxysqwvuelnli/Build/Intermediates.noindex/ArchiveIntermediates/App/IntermediateBuildFilesPath/CapacitorLocalNotifications.build/Release-iphoneos/LocalNotificationsPlugin.build/DerivedSources/arm64 -Xcc -I/Users/shinnomika/Library/Developer/Xcode/DerivedData/App-ddycufmknjnqjpapxysqwvuelnli/Build/Intermediates.noindex/ArchiveIntermediates/App/IntermediateBuildFilesPath/CapacitorLocalNotifications.build/Release-iphoneos/LocalNotificationsPlugin.build/DerivedSources -Xcc -DSWIFT_PACKAGE -emit-objc-header -emit-objc-header-path /Users/shinnomika/Library/Developer/Xcode/DerivedData/App-ddycufmknjnqjpapxysqwvuelnli/Build/Intermediates.noindex/ArchiveIntermediates/App/IntermediateBuildFilesPath/CapacitorLocalNotifications.build/Release-iphoneos/LocalNotificationsPlugin.build/Objects-normal/arm64/LocalNotificationsPlugin-Swift.h -working-directory /Users/shinnomika/git/kondate-planner/native/ios/App/App.xcodeproj -no-emit-module-separately-wmo

SwiftExplicitDependencyGeneratePcm arm64 /Users/shinnomika/Library/Developer/Xcode/DerivedData/App-ddycufmknjnqjpapxysqwvuelnli/Build/Intermediates.noindex/ArchiveIntermediates/App/IntermediateBuildFilesPath/SwiftExplicitPrecompiledModules/Cordova-ATRZO1YFZ1OB3CXH08HOOI2HM.pcm

SwiftExplicitDependencyGeneratePcm arm64 /Users/shinnomika/Library/Developer/Xcode/DerivedData/App-ddycufmknjnqjpapxysqwvuelnli/Build/Intermediates.noindex/ArchiveIntermediates/App/IntermediateBuildFilesPath/SwiftExplicitPrecompiledModules/Capacitor-35O9CC1R3WCEDPXCQKEL9WEDJ.pcm

SwiftExplicitDependencyCompileModuleFromInterface arm64 /Users/shinnomika/Library/Developer/Xcode/DerivedData/App-ddycufmknjnqjpapxysqwvuelnli/Build/Intermediates.noindex/ArchiveIntermediates/App/IntermediateBuildFilesPath/SwiftExplicitPrecompiledModules/Capacitor-R47MFF6KMMG4.swiftmodule

SwiftCompile normal arm64 Compiling\ LocalNotificationsHandler.swift,\ LocalNotificationsPlugin.swift /Users/shinnomika/git/kondate-planner/native/node_modules/@capacitor/local-notifications/ios/Sources/LocalNotificationsPlugin/LocalNotificationsHandler.swift /Users/shinnomika/git/kondate-planner/native/node_modules/@capacitor/local-notifications/ios/Sources/LocalNotificationsPlugin/LocalNotificationsPlugin.swift /Applications/Xcode.app/Contents/Developer/Toolchains/XcodeDefault.xctoolchain/usr/lib/swift/iphoneos/prebuilt-modules/26.5/CoreGraphics.swiftmodule/arm64e-apple-ios.swiftmodule /Applications/Xcode.app/Contents/Developer/Toolchains/XcodeDefault.xctoolchain/usr/lib/swift/iphoneos/prebuilt-modules/26.5/OSLog.swiftmodule/arm64e-apple-ios.swiftmodule /Applications/Xcode.app/Contents/Developer/Toolchains/XcodeDefault.xctoolchain/usr/lib/swift/iphoneos/prebuilt-modules/26.5/Foundation.swiftmodule/arm64e-apple-ios.swiftmodule /Applications/Xcode.app/Contents/Developer/Toolchains/XcodeDefault.xctoolchain/usr/lib/swift/iphoneos/prebuilt-modules/26.5/Combine.swiftmodule/arm64e-apple-ios.swiftmodule /Applications/Xcode.app/Contents/Developer/Toolchains/XcodeDefault.xctoolchain/usr/lib/swift/iphoneos/prebuilt-modules/26.5/CoreImage.swiftmodule/arm64e-apple-ios.swiftmodule /Applications/Xcode.app/Contents/Developer/Toolchains/XcodeDefault.xctoolchain/usr/lib/swift/iphoneos/prebuilt-modules/26.5/Metal.swiftmodule/arm64e-apple-ios.swiftmodule /Applications/Xcode.app/Contents/Developer/Toolchains/XcodeDefault.xctoolchain/usr/lib/swift/iphoneos/prebuilt-modules/26.5/Dispatch.swiftmodule/arm64e-apple-ios.swiftmodule /Applications/Xcode.app/Contents/Developer/Toolchains/XcodeDefault.xctoolchain/usr/lib/swift/iphoneos/prebuilt-modules/26.5/CoreText.swiftmodule/arm64e-apple-ios.swiftmodule /Applications/Xcode.app/Contents/Developer/Toolchains/XcodeDefault.xctoolchain/usr/lib/swift/iphoneos/prebuilt-modules/26.5/Observation.swiftmodule/arm64e-apple-ios.swiftmodule /Applications/Xcode.app/Contents/Developer/Toolchains/XcodeDefault.xctoolchain/usr/lib/swift/iphoneos/prebuilt-modules/26.5/UIKit.swiftmodule/arm64e-apple-ios.swiftmodule /Applications/Xcode.app/Contents/Developer/Toolchains/XcodeDefault.xctoolchain/usr/lib/swift/iphoneos/prebuilt-modules/26.5/_Builtin_float.swiftmodule/arm64e-apple-ios.swiftmodule /Applications/Xcode.app/Contents/Developer/Toolchains/XcodeDefault.xctoolchain/usr/lib/swift/iphoneos/prebuilt-modules/26.5/QuartzCore.swiftmodule/arm64e-apple-ios.swiftmodule /Applications/Xcode.app/Contents/Developer/Toolchains/XcodeDefault.xctoolchain/usr/lib/swift/iphoneos/prebuilt-modules/26.5/Swift.swiftmodule/arm64e-apple-ios.swiftmodule /Applications/Xcode.app/Contents/Developer/Toolchains/XcodeDefault.xctoolchain/usr/lib/swift/iphoneos/prebuilt-modules/26.5/XPC.swiftmodule/arm64e-apple-ios.swiftmodule /Applications/Xcode.app/Contents/Developer/Toolchains/XcodeDefault.xctoolchain/usr/lib/swift/iphoneos/prebuilt-modules/26.5/DeveloperToolsSupport.swiftmodule/arm64e-apple-ios.swiftmodule /Applications/Xcode.app/Contents/Developer/Toolchains/XcodeDefault.xctoolchain/usr/lib/swift/iphoneos/prebuilt-modules/26.5/FileProvider.swiftmodule/arm64e-apple-ios.swiftmodule /Applications/Xcode.app/Contents/Developer/Toolchains/XcodeDefault.xctoolchain/usr/lib/swift/iphoneos/prebuilt-modules/26.5/_DarwinFoundation2.swiftmodule/arm64e-apple-ios.swiftmodule /Applications/Xcode.app/Contents/Developer/Toolchains/XcodeDefault.xctoolchain/usr/lib/swift/iphoneos/prebuilt-modules/26.5/os.swiftmodule/arm64e-apple-ios.swiftmodule /Applications/Xcode.app/Contents/Developer/Toolchains/XcodeDefault.xctoolchain/usr/lib/swift/iphoneos/prebuilt-modules/26.5/SwiftUICore.swiftmodule/arm64e-apple-ios.swiftmodule /Applications/Xcode.app/Contents/Developer/Toolchains/XcodeDefault.xctoolchain/usr/lib/swift/iphoneos/prebuilt-modules/26.5/_DarwinFoundation1.swiftmodule/arm64e-apple-ios.swiftmodule /Applications/Xcode.app/Contents/Developer/Toolchains/XcodeDefault.xctoolchain/usr/lib/swift/iphoneos/prebuilt-modules/26.5/CoreVideo.swiftmodule/arm64e-apple-ios.swiftmodule /Users/shinnomika/Library/Developer/Xcode/DerivedData/App-ddycufmknjnqjpapxysqwvuelnli/Build/Intermediates.noindex/ArchiveIntermediates/App/IntermediateBuildFilesPath/SwiftExplicitPrecompiledModules/Capacitor-R47MFF6KMMG4.swiftmodule /Applications/Xcode.app/Contents/Developer/Toolchains/XcodeDefault.xctoolchain/usr/lib/swift/iphoneos/prebuilt-modules/26.5/CoreTransferable.swiftmodule/arm64e-apple-ios.swiftmodule /Applications/Xcode.app/Contents/Developer/Toolchains/XcodeDefault.xctoolchain/usr/lib/swift/iphoneos/prebuilt-modules/26.5/CoreFoundation.swiftmodule/arm64e-apple-ios.swiftmodule /Applications/Xcode.app/Contents/Developer/Toolchains/XcodeDefault.xctoolchain/usr/lib/swift/iphoneos/prebuilt-modules/26.5/simd.swiftmodule/arm64e-apple-ios.swiftmodule /Applications/Xcode.app/Contents/Developer/Toolchains/XcodeDefault.xctoolchain/usr/lib/swift/iphoneos/prebuilt-modules/26.5/System.swiftmodule/arm64e-apple-ios.swiftmodule /Applications/Xcode.app/Contents/Developer/Toolchains/XcodeDefault.xctoolchain/usr/lib/swift/iphoneos/prebuilt-modules/26.5/DataDetection.swiftmodule/arm64e-apple-ios.swiftmodule /Applications/Xcode.app/Contents/Developer/Toolchains/XcodeDefault.xctoolchain/usr/lib/swift/iphoneos/prebuilt-modules/26.5/Darwin.swiftmodule/arm64e-apple-ios.swiftmodule /Applications/Xcode.app/Contents/Developer/Toolchains/XcodeDefault.xctoolchain/usr/lib/swift/iphoneos/prebuilt-modules/26.5/_StringProcessing.swiftmodule/arm64e-apple-ios.swiftmodule /Applications/Xcode.app/Contents/Developer/Toolchains/XcodeDefault.xctoolchain/usr/lib/swift/iphoneos/prebuilt-modules/26.5/Accessibility.swiftmodule/arm64e-apple-ios.swiftmodule /Applications/Xcode.app/Contents/Developer/Toolchains/XcodeDefault.xctoolchain/usr/lib/swift/iphoneos/prebuilt-modules/26.5/_DarwinFoundation3.swiftmodule/arm64e-apple-ios.swiftmodule /Applications/Xcode.app/Contents/Developer/Toolchains/XcodeDefault.xctoolchain/usr/lib/swift/iphoneos/prebuilt-modules/26.5/_Concurrency.swiftmodule/arm64e-apple-ios.swiftmodule /Applications/Xcode.app/Contents/Developer/Toolchains/XcodeDefault.xctoolchain/usr/lib/swift/iphoneos/prebuilt-modules/26.5/ObjectiveC.swiftmodule/arm64e-apple-ios.swiftmodule /Applications/Xcode.app/Contents/Developer/Toolchains/XcodeDefault.xctoolchain/usr/lib/swift/iphoneos/prebuilt-modules/26.5/UniformTypeIdentifiers.swiftmodule/arm64e-apple-ios.swiftmodule /Applications/Xcode.app/Contents/Developer/Toolchains/XcodeDefault.xctoolchain/usr/lib/swift/iphoneos/prebuilt-modules/26.5/Symbols.swiftmodule/arm64e-apple-ios.swiftmodule /Applications/Xcode.app/Contents/Developer/Toolchains/XcodeDefault.xctoolchain/usr/lib/swift/iphoneos/prebuilt-modules/26.5/Distributed.swiftmodule/arm64e-apple-ios.swiftmodule /Applications/Xcode.app/Contents/Developer/Toolchains/XcodeDefault.xctoolchain/usr/lib/swift/iphoneos/prebuilt-modules/26.5/Network.swiftmodule/arm64e-apple-ios.swiftmodule /Applications/Xcode.app/Contents/Developer/Toolchains/XcodeDefault.xctoolchain/usr/lib/swift/iphoneos/prebuilt-modules/26.5/WebKit.swiftmodule/arm64e-apple-ios.swiftmodule /Applications/Xcode.app/Contents/Developer/Toolchains/XcodeDefault.xctoolchain/usr/lib/swift/iphoneos/prebuilt-modules/26.5/Spatial.swiftmodule/arm64e-apple-ios.swiftmodule /Users/shinnomika/Library/Developer/Xcode/DerivedData/ModuleCache.noindex/os-ATFL5YO2AQ894VN7O0GG32G4Q.pcm /Users/shinnomika/Library/Developer/Xcode/DerivedData/ModuleCache.noindex/CoreVideo-36QGETNQ39808TH2VOZF06K2E.pcm /Users/shinnomika/Library/Developer/Xcode/DerivedData/ModuleCache.noindex/_Builtin_stdbool-B8AUQH6ZAZGUQ3GJXES114XGJ.pcm /Users/shinnomika/Library/Developer/Xcode/DerivedData/ModuleCache.noindex/UniformTypeIdentifiers-5R6IVB49NGH96IZVUZAWAQZLO.pcm /Users/shinnomika/Library/Developer/Xcode/DerivedData/ModuleCache.noindex/XPC-9P0N0QQHWA4MXE25OIJA7EP53.pcm /Users/shinnomika/Library/Developer/Xcode/DerivedData/ModuleCache.noindex/simd-72YZGQRGOJ0FG80N4HEX2VOMG.pcm /Users/shinnomika/Library/Developer/Xcode/DerivedData/ModuleCache.noindex/SwiftShims-B8QJDAEV8EG0QXGXSFEHR8D63.pcm /Users/shinnomika/Library/Developer/Xcode/DerivedData/ModuleCache.noindex/_Builtin_stdatomic-DLV9NG9MZITIONP5B0SSOZKR8.pcm /Users/shinnomika/Library/Developer/Xcode/DerivedData/ModuleCache.noindex/_Builtin_limits-2DMYZ0YOPB9SIJNPTW1EBQEF8.pcm /Users/shinnomika/Library/Developer/Xcode/DerivedData/ModuleCache.noindex/MachO-4H705CT1ABS4CRWJWPL0UCVPV.pcm /Users/shinnomika/Library/Developer/Xcode/DerivedData/ModuleCache.noindex/UserNotifications-EDHXKEMYT83P7VD8AFO1FPM1K.pcm /Users/shinnomika/Library/Developer/Xcode/DerivedData/ModuleCache.noindex/os_workgroup-3YSTWDUQHO6V69Q6YOX0UEWHY.pcm /Users/shinnomika/Library/Developer/Xcode/DerivedData/ModuleCache.noindex/Network-9L3TPBQQVQM574RN76GVPFALQ.pcm /Users/shinnomika/Library/Developer/Xcode/DerivedData/ModuleCache.noindex/_AvailabilityInternal-KMZ51W15I6OE42ICFD1JKA7E.pcm /Users/shinnomika/Library/Developer/Xcode/DerivedData/ModuleCache.noindex/Symbols-1BPLMBRTM6RPF1SDPQJ4SE6ZI.pcm /Users/shinnomika/Library/Developer/Xcode/DerivedData/App-ddycufmknjnqjpapxysqwvuelnli/Build/Intermediates.noindex/ArchiveIntermediates/App/IntermediateBuildFilesPath/SwiftExplicitPrecompiledModules/Capacitor-35O9CC1R3WCEDPXCQKEL9WEDJ.pcm /Users/shinnomika/Library/Developer/Xcode/DerivedData/ModuleCache.noindex/CoreTransferable-DOAM6CEJLY9YEILTNJPIYIDVL.pcm /Users/shinnomika/Library/Developer/Xcode/DerivedData/ModuleCache.noindex/UIKit-834X2LLYB5GIVE4SLIZMOE5Q9.pcm /Users/shinnomika/Library/Developer/Xcode/DerivedData/ModuleCache.noindex/DeveloperToolsSupport-DMY9JIU6TYCN404SGJQ5F04G2.pcm /Users/shinnomika/Library/Developer/Xcode/DerivedData/ModuleCache.noindex/dnssd-9Y76FSEX0OO24S94DMZHC33L0.pcm /Users/shinnomika/Library/Developer/Xcode/DerivedData/ModuleCache.noindex/_DarwinFoundation2-DZGQNU3DDE0EL8NFVM8RCGJ0X.pcm /Users/shinnomika/Library/Developer/Xcode/DerivedData/ModuleCache.noindex/_Builtin_stdarg-CGZVX7IQVD3B2QJIY0LO29XP8.pcm /Users/shinnomika/Library/Developer/Xcode/DerivedData/ModuleCache.noindex/CoreText-21FEQ66D95ZF9CD4P0GGQCT31.pcm /Users/shinnomika/Library/Developer/Xcode/DerivedData/ModuleCache.noindex/_Builtin_tgmath-7YV7EN81FAIWTCXOXDY4SQBA3.pcm /Users/shinnomika/Library/Developer/Xcode/DerivedData/ModuleCache.noindex/Accessibility-7HLH4XWRHQH1AJGV8Y2PSZ1NA.pcm /Users/shinnomika/Library/Developer/Xcode/DerivedData/ModuleCache.noindex/FileProvider-5WHZ6ZNSQVOAP7XCS84VNZDY7.pcm /Users/shinnomika/Library/Developer/Xcode/DerivedData/ModuleCache.noindex/ptrcheck-6QK9MMLJODB5P6PZVDA190SM0.pcm /Users/shinnomika/Library/Developer/Xcode/DerivedData/ModuleCache.noindex/_SwiftConcurrencyShims-529VNZ7X8VGCU2RDMTDS155XT.pcm /Users/shinnomika/Library/Developer/Xcode/DerivedData/ModuleCache.noindex/os_object-4YQ66UJDQRJ4U8A9TUAC1S16V.pcm /Users/shinnomika/Library/Developer/Xcode/DerivedData/ModuleCache.noindex/UIUtilities-7VL81WHGV3ZQFW9VCDGXN0UR1.pcm /Users/shinnomika/Library/Developer/Xcode/DerivedData/ModuleCache.noindex/CFNetwork-4WK5V82T8JKKLUETPGWEUWXN9.pcm /Users/shinnomika/Library/Developer/Xcode/DerivedData/ModuleCache.noindex/_Builtin_inttypes-C2C7L6EZCIKFZ35ES45TTSRDL.pcm /Users/shinnomika/Library/Developer/Xcode/DerivedData/ModuleCache.noindex/WebKit-9GJPVAYID9XLBJGWWQF23B4ZL.pcm /Users/shinnomika/Library/Developer/Xcode/DerivedData/ModuleCache.noindex/Dispatch-AXQILHYEAPLI1IT02ARYHJ09T.pcm /Users/shinnomika/Library/Developer/Xcode/DerivedData/ModuleCache.noindex/ObjectiveC-BQ870I001SY1FNB3TN7OT8QN7.pcm /Users/shinnomika/Library/Developer/Xcode/DerivedData/ModuleCache.noindex/_Builtin_intrinsics-5QDI2GQ9DMS8ZNYVP996XKI50.pcm /Users/shinnomika/Library/Developer/Xcode/DerivedData/ModuleCache.noindex/CoreFoundation-3C1NS54EQKVTDGTSISZ45W6YQ.pcm /Users/shinnomika/Library/Developer/Xcode/DerivedData/ModuleCache.noindex/_Builtin_stddef-9CH5MGHBELDWBBZDLXDMOGNLK.pcm /Users/shinnomika/Library/Developer/Xcode/DerivedData/ModuleCache.noindex/_DarwinFoundation1-40ODX1VCCIN6JSDDS2W3Z835C.pcm /Users/shinnomika/Library/Developer/Xcode/DerivedData/ModuleCache.noindex/Darwin-4F9BMT4VHW4GKDYVBVVPVO1GG.pcm /Users/shinnomika/Library/Developer/Xcode/DerivedData/ModuleCache.noindex/Foundation-3K7E4XKOZ8N757IK9X8AUCRI5.pcm /Users/shinnomika/Library/Developer/Xcode/DerivedData/ModuleCache.noindex/SwiftUICore-1K86W9OPN471ZESYQ96KAO5M1.pcm /Users/shinnomika/Library/Developer/Xcode/DerivedData/ModuleCache.noindex/CoreImage-C7DO2HV390FHAJ7F5YEPXJCXH.pcm /Users/shinnomika/Library/Developer/Xcode/DerivedData/ModuleCache.noindex/Spatial-1U8IOI4LRCY0P6MLQTPQJY93Z.pcm /Users/shinnomika/Library/Developer/Xcode/DerivedData/ModuleCache.noindex/Metal-57F7LMWG0BPKBQIWWPUW4HIDC.pcm /Users/shinnomika/Library/Developer/Xcode/DerivedData/ModuleCache.noindex/sys_types-5Z880ZZVEGNC4L7AYZ4INQRVL.pcm /Users/shinnomika/Library/Developer/Xcode/DerivedData/ModuleCache.noindex/CoreGraphics-EGTJY5WP35E3KBBD24CMFR7E7.pcm /Users/shinnomika/Library/Developer/Xcode/DerivedData/ModuleCache.noindex/DataDetection-3WWW342LKC4U3BNQ6027HJIMZ.pcm /Users/shinnomika/Library/Developer/Xcode/DerivedData/ModuleCache.noindex/CommonCrypto-B3LCBLKTHO6RPN5IT9V38UAZ6.pcm /Users/shinnomika/Library/Developer/Xcode/DerivedData/ModuleCache.noindex/IOSurface-7CQQW8AYH25AS5R711NQ62I8G.pcm /Users/shinnomika/Library/Developer/Xcode/DerivedData/ModuleCache.noindex/ImageIO-6288AEZTINWO35S2LOXPS5SAS.pcm /Users/shinnomika/Library/Developer/Xcode/DerivedData/App-ddycufmknjnqjpapxysqwvuelnli/Build/Intermediates.noindex/ArchiveIntermediates/App/IntermediateBuildFilesPath/SwiftExplicitPrecompiledModules/Cordova-ATRZO1YFZ1OB3CXH08HOOI2HM.pcm /Users/shinnomika/Library/Developer/Xcode/DerivedData/ModuleCache.noindex/_DarwinFoundation3-F2IEM20QSCWYIRB9KP3NPTZHI.pcm /Users/shinnomika/Library/Developer/Xcode/DerivedData/ModuleCache.noindex/QuartzCore-AVRN62UY2F4K99KW910XLEJMY.pcm /Users/shinnomika/Library/Developer/Xcode/DerivedData/ModuleCache.noindex/OSLog-9NL6N4ULWFNLA2TBS1CYY7XFI.pcm /Users/shinnomika/Library/Developer/Xcode/DerivedData/ModuleCache.noindex/_Builtin_stdint-71MUF58J0CPRY3JRZUQ0HVG8G.pcm /Users/shinnomika/Library/Developer/Xcode/DerivedData/ModuleCache.noindex/_Builtin_float-7GTC600E6628WZA42FQ6PJTL0.pcm /Users/shinnomika/Library/Developer/Xcode/DerivedData/ModuleCache.noindex/OpenGLES-1VPSSOT912WHLMY19FB6L0Y4R.pcm /Users/shinnomika/Library/Developer/Xcode/DerivedData/ModuleCache.noindex/Security-B8T3P45GJ2YRB7SVKB9F5WK5D.pcm /Users/shinnomika/Library/Developer/Xcode/DerivedData/ModuleCache.noindex/ptrauth-A4F71O4Q0K4ZVHPQPNRZFMPGA.pcm /Users/shinnomika/Library/Developer/Xcode/DerivedData/App-ddycufmknjnqjpapxysqwvuelnli/Build/Intermediates.noindex/ArchiveIntermediates/App/IntermediateBuildFilesPath/CapacitorLocalNotifications.build/Release-iphoneos/LocalNotificationsPlugin.build/Objects-normal/arm64/LocalNotificationsPlugin-dependencies-1.json (in target 'LocalNotificationsPlugin' from project 'CapacitorLocalNotifications')

CompileSwift normal arm64 (in target 'LocalNotificationsPlugin' from project 'CapacitorLocalNotifications')
    cd /Users/shinnomika/git/kondate-planner/native/ios/App/App.xcodeproj
    

SwiftDriverJobDiscovery normal arm64 Compiling LocalNotificationsHandler.swift, LocalNotificationsPlugin.swift (in target 'LocalNotificationsPlugin' from project 'CapacitorLocalNotifications')

SwiftDriver\ Compilation\ Requirements LocalNotificationsPlugin normal arm64 com.apple.xcode.tools.swift.compiler (in target 'LocalNotificationsPlugin' from project 'CapacitorLocalNotifications')
    cd /Users/shinnomika/git/kondate-planner/native/ios/App/App.xcodeproj
    builtin-Swift-Compilation-Requirements -- /Applications/Xcode.app/Contents/Developer/Toolchains/XcodeDefault.xctoolchain/usr/bin/swiftc -module-name LocalNotificationsPlugin -O -whole-module-optimization @/Users/shinnomika/Library/Developer/Xcode/DerivedData/App-ddycufmknjnqjpapxysqwvuelnli/Build/Intermediates.noindex/ArchiveIntermediates/App/IntermediateBuildFilesPath/CapacitorLocalNotifications.build/Release-iphoneos/LocalNotificationsPlugin.build/Objects-normal/arm64/LocalNotificationsPlugin.SwiftFileList -DSWIFT_PACKAGE -DSWIFT_MODULE_RESOURCE_BUNDLE_UNAVAILABLE -DXcode -plugin-path /Applications/Xcode.app/Contents/Developer/Toolchains/XcodeDefault.xctoolchain/usr/lib/swift/host/plugins/testing -enable-experimental-feature DebugDescriptionMacro -sdk /Applications/Xcode.app/Contents/Developer/Platforms/iPhoneOS.platform/Developer/SDKs/iPhoneOS26.5.sdk -target arm64-apple-ios15.0 -g -module-cache-path /Users/shinnomika/Library/Developer/Xcode/DerivedData/ModuleCache.noindex -Xfrontend -serialize-debugging-options -suppress-warnings -swift-version 5 -I /Users/shinnomika/Library/Developer/Xcode/DerivedData/App-ddycufmknjnqjpapxysqwvuelnli/Build/Intermediates.noindex/ArchiveIntermediates/App/BuildProductsPath/Release-iphoneos -Isystem /Applications/Xcode.app/Contents/Developer/Platforms/iPhoneOS.platform/Developer/usr/lib -F /Users/shinnomika/Library/Developer/Xcode/DerivedData/App-ddycufmknjnqjpapxysqwvuelnli/Build/Intermediates.noindex/ArchiveIntermediates/App/BuildProductsPath/Release-iphoneos -F /Applications/Xcode.app/Contents/Developer/Platforms/iPhoneOS.platform/Developer/Library/Frameworks -F /Applications/Xcode.app/Contents/Developer/Platforms/iPhoneOS.platform/Developer/SDKs/iPhoneOS26.5.sdk/Developer/Library/Frameworks -c -num-threads 10 -Xcc -ivfsstatcache -Xcc /Users/shinnomika/Library/Developer/Xcode/DerivedData/SDKStatCaches.noindex/iphoneos26.5-23F81a-32daed1954a7d5dd0789fcaf2a9bb78b.sdkstatcache -output-file-map /Users/shinnomika/Library/Developer/Xcode/DerivedData/App-ddycufmknjnqjpapxysqwvuelnli/Build/Intermediates.noindex/ArchiveIntermediates/App/IntermediateBuildFilesPath/CapacitorLocalNotifications.build/Release-iphoneos/LocalNotificationsPlugin.build/Objects-normal/arm64/LocalNotificationsPlugin-OutputFileMap.json -use-frontend-parseable-output -save-temps -no-color-diagnostics -explicit-module-build -module-cache-path /Users/shinnomika/Library/Developer/Xcode/DerivedData/App-ddycufmknjnqjpapxysqwvuelnli/Build/Intermediates.noindex/ArchiveIntermediates/App/IntermediateBuildFilesPath/SwiftExplicitPrecompiledModules -clang-scanner-module-cache-path /Users/shinnomika/Library/Developer/Xcode/DerivedData/ModuleCache.noindex -sdk-module-cache-path /Users/shinnomika/Library/Developer/Xcode/DerivedData/ModuleCache.noindex -serialize-diagnostics -emit-dependencies -emit-module -emit-module-path /Users/shinnomika/Library/Developer/Xcode/DerivedData/App-ddycufmknjnqjpapxysqwvuelnli/Build/Intermediates.noindex/ArchiveIntermediates/App/IntermediateBuildFilesPath/CapacitorLocalNotifications.build/Release-iphoneos/LocalNotificationsPlugin.build/Objects-normal/arm64/LocalNotificationsPlugin.swiftmodule -validate-clang-modules-once -clang-build-session-file /Users/shinnomika/Library/Developer/Xcode/DerivedData/ModuleCache.noindex/Session.modulevalidation -package-name local_notifications -Xcc -I/Users/shinnomika/Library/Developer/Xcode/DerivedData/App-ddycufmknjnqjpapxysqwvuelnli/Build/Intermediates.noindex/ArchiveIntermediates/App/IntermediateBuildFilesPath/CapacitorLocalNotifications.build/Release-iphoneos/LocalNotificationsPlugin.build/swift-overrides.hmap -emit-const-values -Xfrontend -const-gather-protocols-file -Xfrontend /Users/shinnomika/Library/Developer/Xcode/DerivedData/App-ddycufmknjnqjpapxysqwvuelnli/Build/Intermediates.noindex/ArchiveIntermediates/App/IntermediateBuildFilesPath/CapacitorLocalNotifications.build/Release-iphoneos/LocalNotificationsPlugin.build/Objects-normal/arm64/LocalNotificationsPlugin_const_extract_protocols.json -Xcc -I/Users/shinnomika/Library/Developer/Xcode/DerivedData/App-ddycufmknjnqjpapxysqwvuelnli/Build/Intermediates.noindex/ArchiveIntermediates/App/BuildProductsPath/Release-iphoneos/include -Xcc -I/Users/shinnomika/Library/Developer/Xcode/DerivedData/App-ddycufmknjnqjpapxysqwvuelnli/Build/Intermediates.noindex/ArchiveIntermediates/App/IntermediateBuildFilesPath/CapacitorLocalNotifications.build/Release-iphoneos/LocalNotificationsPlugin.build/DerivedSources-normal/arm64 -Xcc -I/Users/shinnomika/Library/Developer/Xcode/DerivedData/App-ddycufmknjnqjpapxysqwvuelnli/Build/Intermediates.noindex/ArchiveIntermediates/App/IntermediateBuildFilesPath/CapacitorLocalNotifications.build/Release-iphoneos/LocalNotificationsPlugin.build/DerivedSources/arm64 -Xcc -I/Users/shinnomika/Library/Developer/Xcode/DerivedData/App-ddycufmknjnqjpapxysqwvuelnli/Build/Intermediates.noindex/ArchiveIntermediates/App/IntermediateBuildFilesPath/CapacitorLocalNotifications.build/Release-iphoneos/LocalNotificationsPlugin.build/DerivedSources -Xcc -DSWIFT_PACKAGE -emit-objc-header -emit-objc-header-path /Users/shinnomika/Library/Developer/Xcode/DerivedData/App-ddycufmknjnqjpapxysqwvuelnli/Build/Intermediates.noindex/ArchiveIntermediates/App/IntermediateBuildFilesPath/CapacitorLocalNotifications.build/Release-iphoneos/LocalNotificationsPlugin.build/Objects-normal/arm64/LocalNotificationsPlugin-Swift.h -working-directory /Users/shinnomika/git/kondate-planner/native/ios/App/App.xcodeproj -no-emit-module-separately-wmo

SwiftMergeGeneratedHeaders /Users/shinnomika/Library/Developer/Xcode/DerivedData/App-ddycufmknjnqjpapxysqwvuelnli/Build/Intermediates.noindex/ArchiveIntermediates/App/IntermediateBuildFilesPath/GeneratedModuleMaps-iphoneos/LocalNotificationsPlugin-Swift.h /Users/shinnomika/Library/Developer/Xcode/DerivedData/App-ddycufmknjnqjpapxysqwvuelnli/Build/Intermediates.noindex/ArchiveIntermediates/App/IntermediateBuildFilesPath/CapacitorLocalNotifications.build/Release-iphoneos/LocalNotificationsPlugin.build/Objects-normal/arm64/LocalNotificationsPlugin-Swift.h (in target 'LocalNotificationsPlugin' from project 'CapacitorLocalNotifications')
    cd /Users/shinnomika/git/kondate-planner/native/node_modules/@capacitor/local-notifications
    builtin-swiftHeaderTool -arch arm64 /Users/shinnomika/Library/Developer/Xcode/DerivedData/App-ddycufmknjnqjpapxysqwvuelnli/Build/Intermediates.noindex/ArchiveIntermediates/App/IntermediateBuildFilesPath/CapacitorLocalNotifications.build/Release-iphoneos/LocalNotificationsPlugin.build/Objects-normal/arm64/LocalNotificationsPlugin-Swift.h -o /Users/shinnomika/Library/Developer/Xcode/DerivedData/App-ddycufmknjnqjpapxysqwvuelnli/Build/Intermediates.noindex/ArchiveIntermediates/App/IntermediateBuildFilesPath/GeneratedModuleMaps-iphoneos/LocalNotificationsPlugin-Swift.h

Copy /Users/shinnomika/Library/Developer/Xcode/DerivedData/App-ddycufmknjnqjpapxysqwvuelnli/Build/Intermediates.noindex/ArchiveIntermediates/App/BuildProductsPath/Release-iphoneos/LocalNotificationsPlugin.swiftmodule/arm64-apple-ios.swiftmodule /Users/shinnomika/Library/Developer/Xcode/DerivedData/App-ddycufmknjnqjpapxysqwvuelnli/Build/Intermediates.noindex/ArchiveIntermediates/App/IntermediateBuildFilesPath/CapacitorLocalNotifications.build/Release-iphoneos/LocalNotificationsPlugin.build/Objects-normal/arm64/LocalNotificationsPlugin.swiftmodule (in target 'LocalNotificationsPlugin' from project 'CapacitorLocalNotifications')
    cd /Users/shinnomika/git/kondate-planner/native/node_modules/@capacitor/local-notifications
    builtin-copy -exclude .DS_Store -exclude CVS -exclude .svn -exclude .git -exclude .hg -strip-unsigned-binaries -strip-deterministic -strip-tool /Applications/Xcode.app/Contents/Developer/Toolchains/XcodeDefault.xctoolchain/usr/bin/strip -resolve-src-symlinks -rename /Users/shinnomika/Library/Developer/Xcode/DerivedData/App-ddycufmknjnqjpapxysqwvuelnli/Build/Intermediates.noindex/ArchiveIntermediates/App/IntermediateBuildFilesPath/CapacitorLocalNotifications.build/Release-iphoneos/LocalNotificationsPlugin.build/Objects-normal/arm64/LocalNotificationsPlugin.swiftmodule /Users/shinnomika/Library/Developer/Xcode/DerivedData/App-ddycufmknjnqjpapxysqwvuelnli/Build/Intermediates.noindex/ArchiveIntermediates/App/BuildProductsPath/Release-iphoneos/LocalNotificationsPlugin.swiftmodule/arm64-apple-ios.swiftmodule

Copy /Users/shinnomika/Library/Developer/Xcode/DerivedData/App-ddycufmknjnqjpapxysqwvuelnli/Build/Intermediates.noindex/ArchiveIntermediates/App/BuildProductsPath/Release-iphoneos/LocalNotificationsPlugin.swiftmodule/arm64-apple-ios.swiftdoc /Users/shinnomika/Library/Developer/Xcode/DerivedData/App-ddycufmknjnqjpapxysqwvuelnli/Build/Intermediates.noindex/ArchiveIntermediates/App/IntermediateBuildFilesPath/CapacitorLocalNotifications.build/Release-iphoneos/LocalNotificationsPlugin.build/Objects-normal/arm64/LocalNotificationsPlugin.swiftdoc (in target 'LocalNotificationsPlugin' from project 'CapacitorLocalNotifications')
    cd /Users/shinnomika/git/kondate-planner/native/node_modules/@capacitor/local-notifications
    builtin-copy -exclude .DS_Store -exclude CVS -exclude .svn -exclude .git -exclude .hg -strip-unsigned-binaries -strip-deterministic -strip-tool /Applications/Xcode.app/Contents/Developer/Toolchains/XcodeDefault.xctoolchain/usr/bin/strip -resolve-src-symlinks -rename /Users/shinnomika/Library/Developer/Xcode/DerivedData/App-ddycufmknjnqjpapxysqwvuelnli/Build/Intermediates.noindex/ArchiveIntermediates/App/IntermediateBuildFilesPath/CapacitorLocalNotifications.build/Release-iphoneos/LocalNotificationsPlugin.build/Objects-normal/arm64/LocalNotificationsPlugin.swiftdoc /Users/shinnomika/Library/Developer/Xcode/DerivedData/App-ddycufmknjnqjpapxysqwvuelnli/Build/Intermediates.noindex/ArchiveIntermediates/App/BuildProductsPath/Release-iphoneos/LocalNotificationsPlugin.swiftmodule/arm64-apple-ios.swiftdoc

Copy /Users/shinnomika/Library/Developer/Xcode/DerivedData/App-ddycufmknjnqjpapxysqwvuelnli/Build/Intermediates.noindex/ArchiveIntermediates/App/BuildProductsPath/Release-iphoneos/LocalNotificationsPlugin.swiftmodule/arm64-apple-ios.abi.json /Users/shinnomika/Library/Developer/Xcode/DerivedData/App-ddycufmknjnqjpapxysqwvuelnli/Build/Intermediates.noindex/ArchiveIntermediates/App/IntermediateBuildFilesPath/CapacitorLocalNotifications.build/Release-iphoneos/LocalNotificationsPlugin.build/Objects-normal/arm64/LocalNotificationsPlugin.abi.json (in target 'LocalNotificationsPlugin' from project 'CapacitorLocalNotifications')
    cd /Users/shinnomika/git/kondate-planner/native/node_modules/@capacitor/local-notifications
    builtin-copy -exclude .DS_Store -exclude CVS -exclude .svn -exclude .git -exclude .hg -strip-unsigned-binaries -strip-deterministic -strip-tool /Applications/Xcode.app/Contents/Developer/Toolchains/XcodeDefault.xctoolchain/usr/bin/strip -resolve-src-symlinks -rename /Users/shinnomika/Library/Developer/Xcode/DerivedData/App-ddycufmknjnqjpapxysqwvuelnli/Build/Intermediates.noindex/ArchiveIntermediates/App/IntermediateBuildFilesPath/CapacitorLocalNotifications.build/Release-iphoneos/LocalNotificationsPlugin.build/Objects-normal/arm64/LocalNotificationsPlugin.abi.json /Users/shinnomika/Library/Developer/Xcode/DerivedData/App-ddycufmknjnqjpapxysqwvuelnli/Build/Intermediates.noindex/ArchiveIntermediates/App/BuildProductsPath/Release-iphoneos/LocalNotificationsPlugin.swiftmodule/arm64-apple-ios.abi.json

Ld /Users/shinnomika/Library/Developer/Xcode/DerivedData/App-ddycufmknjnqjpapxysqwvuelnli/Build/Intermediates.noindex/ArchiveIntermediates/App/IntermediateBuildFilesPath/UninstalledProducts/iphoneos/LocalNotificationsPlugin.o normal (in target 'LocalNotificationsPlugin' from project 'CapacitorLocalNotifications')
    cd /Users/shinnomika/git/kondate-planner/native/node_modules/@capacitor/local-notifications
    /Applications/Xcode.app/Contents/Developer/Toolchains/XcodeDefault.xctoolchain/usr/bin/clang -Xlinker -reproducible -target arm64-apple-ios15.0 -r -isysroot /Applications/Xcode.app/Contents/Developer/Platforms/iPhoneOS.platform/Developer/SDKs/iPhoneOS26.5.sdk -Os -w -F/Users/shinnomika/Library/Developer/Xcode/DerivedData/App-ddycufmknjnqjpapxysqwvuelnli/Build/Intermediates.noindex/ArchiveIntermediates/App/IntermediateBuildFilesPath/EagerLinkingTBDs/Release-iphoneos -F/Users/shinnomika/Library/Developer/Xcode/DerivedData/App-ddycufmknjnqjpapxysqwvuelnli/Build/Intermediates.noindex/ArchiveIntermediates/App/BuildProductsPath/Release-iphoneos -iframework /Applications/Xcode.app/Contents/Developer/Platforms/iPhoneOS.platform/Developer/Library/Frameworks -iframework /Applications/Xcode.app/Contents/Developer/Platforms/iPhoneOS.platform/Developer/SDKs/iPhoneOS26.5.sdk/Developer/Library/Frameworks -filelist /Users/shinnomika/Library/Developer/Xcode/DerivedData/App-ddycufmknjnqjpapxysqwvuelnli/Build/Intermediates.noindex/ArchiveIntermediates/App/IntermediateBuildFilesPath/CapacitorLocalNotifications.build/Release-iphoneos/LocalNotificationsPlugin.build/Objects-normal/arm64/LocalNotificationsPlugin.LinkFileList -nostdlib -Xlinker -object_path_lto -Xlinker /Users/shinnomika/Library/Developer/Xcode/DerivedData/App-ddycufmknjnqjpapxysqwvuelnli/Build/Intermediates.noindex/ArchiveIntermediates/App/IntermediateBuildFilesPath/CapacitorLocalNotifications.build/Release-iphoneos/LocalNotificationsPlugin.build/Objects-normal/arm64/LocalNotificationsPlugin_lto.o -Xlinker -dependency_info -Xlinker /Users/shinnomika/Library/Developer/Xcode/DerivedData/App-ddycufmknjnqjpapxysqwvuelnli/Build/Intermediates.noindex/ArchiveIntermediates/App/IntermediateBuildFilesPath/CapacitorLocalNotifications.build/Release-iphoneos/LocalNotificationsPlugin.build/Objects-normal/arm64/LocalNotificationsPlugin_dependency_info.dat -fobjc-link-runtime -L/Applications/Xcode.app/Contents/Developer/Toolchains/XcodeDefault.xctoolchain/usr/lib/swift/iphoneos -L/usr/lib/swift -Xlinker -add_ast_path -Xlinker /Users/shinnomika/Library/Developer/Xcode/DerivedData/App-ddycufmknjnqjpapxysqwvuelnli/Build/Intermediates.noindex/ArchiveIntermediates/App/IntermediateBuildFilesPath/CapacitorLocalNotifications.build/Release-iphoneos/LocalNotificationsPlugin.build/Objects-normal/arm64/LocalNotificationsPlugin.swiftmodule @/Users/shinnomika/Library/Developer/Xcode/DerivedData/App-ddycufmknjnqjpapxysqwvuelnli/Build/Intermediates.noindex/ArchiveIntermediates/App/IntermediateBuildFilesPath/CapacitorLocalNotifications.build/Release-iphoneos/LocalNotificationsPlugin.build/Objects-normal/arm64/LocalNotificationsPlugin-linker-args.resp -o /Users/shinnomika/Library/Developer/Xcode/DerivedData/App-ddycufmknjnqjpapxysqwvuelnli/Build/Intermediates.noindex/ArchiveIntermediates/App/IntermediateBuildFilesPath/UninstalledProducts/iphoneos/LocalNotificationsPlugin.o

SwiftDriver CapApp-SPM normal arm64 com.apple.xcode.tools.swift.compiler (in target 'CapApp-SPM' from project 'CapApp-SPM')
    cd /Users/shinnomika/git/kondate-planner/native/ios/App/App.xcodeproj
    builtin-SwiftDriver -- /Applications/Xcode.app/Contents/Developer/Toolchains/XcodeDefault.xctoolchain/usr/bin/swiftc -module-name CapApp_SPM -O -whole-module-optimization @/Users/shinnomika/Library/Developer/Xcode/DerivedData/App-ddycufmknjnqjpapxysqwvuelnli/Build/Intermediates.noindex/ArchiveIntermediates/App/IntermediateBuildFilesPath/CapApp-SPM.build/Release-iphoneos/CapApp-SPM.build/Objects-normal/arm64/CapApp-SPM.SwiftFileList -DSWIFT_PACKAGE -DSWIFT_MODULE_RESOURCE_BUNDLE_UNAVAILABLE -DXcode -plugin-path /Applications/Xcode.app/Contents/Developer/Toolchains/XcodeDefault.xctoolchain/usr/lib/swift/host/plugins/testing -enable-experimental-feature DebugDescriptionMacro -sdk /Applications/Xcode.app/Contents/Developer/Platforms/iPhoneOS.platform/Developer/SDKs/iPhoneOS26.5.sdk -target arm64-apple-ios15.0 -g -module-cache-path /Users/shinnomika/Library/Developer/Xcode/DerivedData/ModuleCache.noindex -Xfrontend -serialize-debugging-options -suppress-warnings -swift-version 5 -I /Users/shinnomika/Library/Developer/Xcode/DerivedData/App-ddycufmknjnqjpapxysqwvuelnli/Build/Intermediates.noindex/ArchiveIntermediates/App/BuildProductsPath/Release-iphoneos -Isystem /Applications/Xcode.app/Contents/Developer/Platforms/iPhoneOS.platform/Developer/usr/lib -F /Users/shinnomika/Library/Developer/Xcode/DerivedData/App-ddycufmknjnqjpapxysqwvuelnli/Build/Intermediates.noindex/ArchiveIntermediates/App/BuildProductsPath/Release-iphoneos/PackageFrameworks -F /Users/shinnomika/Library/Developer/Xcode/DerivedData/App-ddycufmknjnqjpapxysqwvuelnli/Build/Intermediates.noindex/ArchiveIntermediates/App/BuildProductsPath/Release-iphoneos -F /Applications/Xcode.app/Contents/Developer/Platforms/iPhoneOS.platform/Developer/Library/Frameworks -F /Applications/Xcode.app/Contents/Developer/Platforms/iPhoneOS.platform/Developer/SDKs/iPhoneOS26.5.sdk/Developer/Library/Frameworks -parse-as-library -c -num-threads 10 -Xcc -ivfsstatcache -Xcc /Users/shinnomika/Library/Developer/Xcode/DerivedData/SDKStatCaches.noindex/iphoneos26.5-23F81a-32daed1954a7d5dd0789fcaf2a9bb78b.sdkstatcache -output-file-map /Users/shinnomika/Library/Developer/Xcode/DerivedData/App-ddycufmknjnqjpapxysqwvuelnli/Build/Intermediates.noindex/ArchiveIntermediates/App/IntermediateBuildFilesPath/CapApp-SPM.build/Release-iphoneos/CapApp-SPM.build/Objects-normal/arm64/CapApp-SPM-OutputFileMap.json -use-frontend-parseable-output -save-temps -no-color-diagnostics -explicit-module-build -module-cache-path /Users/shinnomika/Library/Developer/Xcode/DerivedData/App-ddycufmknjnqjpapxysqwvuelnli/Build/Intermediates.noindex/ArchiveIntermediates/App/IntermediateBuildFilesPath/SwiftExplicitPrecompiledModules -clang-scanner-module-cache-path /Users/shinnomika/Library/Developer/Xcode/DerivedData/ModuleCache.noindex -sdk-module-cache-path /Users/shinnomika/Library/Developer/Xcode/DerivedData/ModuleCache.noindex -serialize-diagnostics -emit-dependencies -emit-module -emit-module-path /Users/shinnomika/Library/Developer/Xcode/DerivedData/App-ddycufmknjnqjpapxysqwvuelnli/Build/Intermediates.noindex/ArchiveIntermediates/App/IntermediateBuildFilesPath/CapApp-SPM.build/Release-iphoneos/CapApp-SPM.build/Objects-normal/arm64/CapApp_SPM.swiftmodule -validate-clang-modules-once -clang-build-session-file /Users/shinnomika/Library/Developer/Xcode/DerivedData/ModuleCache.noindex/Session.modulevalidation -package-name capapp_spm -Xcc -I/Users/shinnomika/Library/Developer/Xcode/DerivedData/App-ddycufmknjnqjpapxysqwvuelnli/Build/Intermediates.noindex/ArchiveIntermediates/App/IntermediateBuildFilesPath/CapApp-SPM.build/Release-iphoneos/CapApp-SPM.build/swift-overrides.hmap -emit-const-values -Xfrontend -const-gather-protocols-file -Xfrontend /Users/shinnomika/Library/Developer/Xcode/DerivedData/App-ddycufmknjnqjpapxysqwvuelnli/Build/Intermediates.noindex/ArchiveIntermediates/App/IntermediateBuildFilesPath/CapApp-SPM.build/Release-iphoneos/CapApp-SPM.build/Objects-normal/arm64/CapApp-SPM_const_extract_protocols.json -Xcc -I/Users/shinnomika/Library/Developer/Xcode/DerivedData/App-ddycufmknjnqjpapxysqwvuelnli/Build/Intermediates.noindex/ArchiveIntermediates/App/BuildProductsPath/Release-iphoneos/include -Xcc -I/Users/shinnomika/Library/Developer/Xcode/DerivedData/App-ddycufmknjnqjpapxysqwvuelnli/Build/Intermediates.noindex/ArchiveIntermediates/App/IntermediateBuildFilesPath/CapApp-SPM.build/Release-iphoneos/CapApp-SPM.build/DerivedSources-normal/arm64 -Xcc -I/Users/shinnomika/Library/Developer/Xcode/DerivedData/App-ddycufmknjnqjpapxysqwvuelnli/Build/Intermediates.noindex/ArchiveIntermediates/App/IntermediateBuildFilesPath/CapApp-SPM.build/Release-iphoneos/CapApp-SPM.build/DerivedSources/arm64 -Xcc -I/Users/shinnomika/Library/Developer/Xcode/DerivedData/App-ddycufmknjnqjpapxysqwvuelnli/Build/Intermediates.noindex/ArchiveIntermediates/App/IntermediateBuildFilesPath/CapApp-SPM.build/Release-iphoneos/CapApp-SPM.build/DerivedSources -Xcc -DSWIFT_PACKAGE -emit-objc-header -emit-objc-header-path /Users/shinnomika/Library/Developer/Xcode/DerivedData/App-ddycufmknjnqjpapxysqwvuelnli/Build/Intermediates.noindex/ArchiveIntermediates/App/IntermediateBuildFilesPath/CapApp-SPM.build/Release-iphoneos/CapApp-SPM.build/Objects-normal/arm64/CapApp-SPM-Swift.h -working-directory /Users/shinnomika/git/kondate-planner/native/ios/App/App.xcodeproj -no-emit-module-separately-wmo

SwiftDriver\ Compilation CapApp-SPM normal arm64 com.apple.xcode.tools.swift.compiler (in target 'CapApp-SPM' from project 'CapApp-SPM')
    cd /Users/shinnomika/git/kondate-planner/native/ios/App/App.xcodeproj
    builtin-Swift-Compilation -- /Applications/Xcode.app/Contents/Developer/Toolchains/XcodeDefault.xctoolchain/usr/bin/swiftc -module-name CapApp_SPM -O -whole-module-optimization @/Users/shinnomika/Library/Developer/Xcode/DerivedData/App-ddycufmknjnqjpapxysqwvuelnli/Build/Intermediates.noindex/ArchiveIntermediates/App/IntermediateBuildFilesPath/CapApp-SPM.build/Release-iphoneos/CapApp-SPM.build/Objects-normal/arm64/CapApp-SPM.SwiftFileList -DSWIFT_PACKAGE -DSWIFT_MODULE_RESOURCE_BUNDLE_UNAVAILABLE -DXcode -plugin-path /Applications/Xcode.app/Contents/Developer/Toolchains/XcodeDefault.xctoolchain/usr/lib/swift/host/plugins/testing -enable-experimental-feature DebugDescriptionMacro -sdk /Applications/Xcode.app/Contents/Developer/Platforms/iPhoneOS.platform/Developer/SDKs/iPhoneOS26.5.sdk -target arm64-apple-ios15.0 -g -module-cache-path /Users/shinnomika/Library/Developer/Xcode/DerivedData/ModuleCache.noindex -Xfrontend -serialize-debugging-options -suppress-warnings -swift-version 5 -I /Users/shinnomika/Library/Developer/Xcode/DerivedData/App-ddycufmknjnqjpapxysqwvuelnli/Build/Intermediates.noindex/ArchiveIntermediates/App/BuildProductsPath/Release-iphoneos -Isystem /Applications/Xcode.app/Contents/Developer/Platforms/iPhoneOS.platform/Developer/usr/lib -F /Users/shinnomika/Library/Developer/Xcode/DerivedData/App-ddycufmknjnqjpapxysqwvuelnli/Build/Intermediates.noindex/ArchiveIntermediates/App/BuildProductsPath/Release-iphoneos/PackageFrameworks -F /Users/shinnomika/Library/Developer/Xcode/DerivedData/App-ddycufmknjnqjpapxysqwvuelnli/Build/Intermediates.noindex/ArchiveIntermediates/App/BuildProductsPath/Release-iphoneos -F /Applications/Xcode.app/Contents/Developer/Platforms/iPhoneOS.platform/Developer/Library/Frameworks -F /Applications/Xcode.app/Contents/Developer/Platforms/iPhoneOS.platform/Developer/SDKs/iPhoneOS26.5.sdk/Developer/Library/Frameworks -parse-as-library -c -num-threads 10 -Xcc -ivfsstatcache -Xcc /Users/shinnomika/Library/Developer/Xcode/DerivedData/SDKStatCaches.noindex/iphoneos26.5-23F81a-32daed1954a7d5dd0789fcaf2a9bb78b.sdkstatcache -output-file-map /Users/shinnomika/Library/Developer/Xcode/DerivedData/App-ddycufmknjnqjpapxysqwvuelnli/Build/Intermediates.noindex/ArchiveIntermediates/App/IntermediateBuildFilesPath/CapApp-SPM.build/Release-iphoneos/CapApp-SPM.build/Objects-normal/arm64/CapApp-SPM-OutputFileMap.json -use-frontend-parseable-output -save-temps -no-color-diagnostics -explicit-module-build -module-cache-path /Users/shinnomika/Library/Developer/Xcode/DerivedData/App-ddycufmknjnqjpapxysqwvuelnli/Build/Intermediates.noindex/ArchiveIntermediates/App/IntermediateBuildFilesPath/SwiftExplicitPrecompiledModules -clang-scanner-module-cache-path /Users/shinnomika/Library/Developer/Xcode/DerivedData/ModuleCache.noindex -sdk-module-cache-path /Users/shinnomika/Library/Developer/Xcode/DerivedData/ModuleCache.noindex -serialize-diagnostics -emit-dependencies -emit-module -emit-module-path /Users/shinnomika/Library/Developer/Xcode/DerivedData/App-ddycufmknjnqjpapxysqwvuelnli/Build/Intermediates.noindex/ArchiveIntermediates/App/IntermediateBuildFilesPath/CapApp-SPM.build/Release-iphoneos/CapApp-SPM.build/Objects-normal/arm64/CapApp_SPM.swiftmodule -validate-clang-modules-once -clang-build-session-file /Users/shinnomika/Library/Developer/Xcode/DerivedData/ModuleCache.noindex/Session.modulevalidation -package-name capapp_spm -Xcc -I/Users/shinnomika/Library/Developer/Xcode/DerivedData/App-ddycufmknjnqjpapxysqwvuelnli/Build/Intermediates.noindex/ArchiveIntermediates/App/IntermediateBuildFilesPath/CapApp-SPM.build/Release-iphoneos/CapApp-SPM.build/swift-overrides.hmap -emit-const-values -Xfrontend -const-gather-protocols-file -Xfrontend /Users/shinnomika/Library/Developer/Xcode/DerivedData/App-ddycufmknjnqjpapxysqwvuelnli/Build/Intermediates.noindex/ArchiveIntermediates/App/IntermediateBuildFilesPath/CapApp-SPM.build/Release-iphoneos/CapApp-SPM.build/Objects-normal/arm64/CapApp-SPM_const_extract_protocols.json -Xcc -I/Users/shinnomika/Library/Developer/Xcode/DerivedData/App-ddycufmknjnqjpapxysqwvuelnli/Build/Intermediates.noindex/ArchiveIntermediates/App/BuildProductsPath/Release-iphoneos/include -Xcc -I/Users/shinnomika/Library/Developer/Xcode/DerivedData/App-ddycufmknjnqjpapxysqwvuelnli/Build/Intermediates.noindex/ArchiveIntermediates/App/IntermediateBuildFilesPath/CapApp-SPM.build/Release-iphoneos/CapApp-SPM.build/DerivedSources-normal/arm64 -Xcc -I/Users/shinnomika/Library/Developer/Xcode/DerivedData/App-ddycufmknjnqjpapxysqwvuelnli/Build/Intermediates.noindex/ArchiveIntermediates/App/IntermediateBuildFilesPath/CapApp-SPM.build/Release-iphoneos/CapApp-SPM.build/DerivedSources/arm64 -Xcc -I/Users/shinnomika/Library/Developer/Xcode/DerivedData/App-ddycufmknjnqjpapxysqwvuelnli/Build/Intermediates.noindex/ArchiveIntermediates/App/IntermediateBuildFilesPath/CapApp-SPM.build/Release-iphoneos/CapApp-SPM.build/DerivedSources -Xcc -DSWIFT_PACKAGE -emit-objc-header -emit-objc-header-path /Users/shinnomika/Library/Developer/Xcode/DerivedData/App-ddycufmknjnqjpapxysqwvuelnli/Build/Intermediates.noindex/ArchiveIntermediates/App/IntermediateBuildFilesPath/CapApp-SPM.build/Release-iphoneos/CapApp-SPM.build/Objects-normal/arm64/CapApp-SPM-Swift.h -working-directory /Users/shinnomika/git/kondate-planner/native/ios/App/App.xcodeproj -no-emit-module-separately-wmo

SwiftCompile normal arm64 Compiling\ CapApp-SPM.swift /Users/shinnomika/git/kondate-planner/native/ios/App/CapApp-SPM/Sources/CapApp-SPM/CapApp-SPM.swift /Applications/Xcode.app/Contents/Developer/Toolchains/XcodeDefault.xctoolchain/usr/lib/swift/iphoneos/prebuilt-modules/26.5/_StringProcessing.swiftmodule/arm64e-apple-ios.swiftmodule /Applications/Xcode.app/Contents/Developer/Toolchains/XcodeDefault.xctoolchain/usr/lib/swift/iphoneos/prebuilt-modules/26.5/Swift.swiftmodule/arm64e-apple-ios.swiftmodule /Applications/Xcode.app/Contents/Developer/Toolchains/XcodeDefault.xctoolchain/usr/lib/swift/iphoneos/prebuilt-modules/26.5/_Concurrency.swiftmodule/arm64e-apple-ios.swiftmodule /Users/shinnomika/Library/Developer/Xcode/DerivedData/ModuleCache.noindex/_SwiftConcurrencyShims-529VNZ7X8VGCU2RDMTDS155XT.pcm /Users/shinnomika/Library/Developer/Xcode/DerivedData/ModuleCache.noindex/SwiftShims-B8QJDAEV8EG0QXGXSFEHR8D63.pcm /Users/shinnomika/Library/Developer/Xcode/DerivedData/App-ddycufmknjnqjpapxysqwvuelnli/Build/Intermediates.noindex/ArchiveIntermediates/App/IntermediateBuildFilesPath/CapApp-SPM.build/Release-iphoneos/CapApp-SPM.build/Objects-normal/arm64/CapApp_SPM-dependencies-1.json (in target 'CapApp-SPM' from project 'CapApp-SPM')

SwiftCompile normal arm64 /Users/shinnomika/git/kondate-planner/native/ios/App/CapApp-SPM/Sources/CapApp-SPM/CapApp-SPM.swift (in target 'CapApp-SPM' from project 'CapApp-SPM')
    cd /Users/shinnomika/git/kondate-planner/native/ios/App/App.xcodeproj
    

ExtractAppIntentsMetadata (in target 'LocalNotificationsPlugin' from project 'CapacitorLocalNotifications')
    cd /Users/shinnomika/git/kondate-planner/native/node_modules/@capacitor/local-notifications
    /Applications/Xcode.app/Contents/Developer/Toolchains/XcodeDefault.xctoolchain/usr/bin/appintentsmetadataprocessor --toolchain-dir /Applications/Xcode.app/Contents/Developer/Toolchains/XcodeDefault.xctoolchain --module-name LocalNotificationsPlugin --sdk-root /Applications/Xcode.app/Contents/Developer/Platforms/iPhoneOS.platform/Developer/SDKs/iPhoneOS26.5.sdk --xcode-version 17F113 --platform-family iOS --deployment-target 15.0 --bundle-identifier local-notifications.LocalNotificationsPlugin --output /Users/shinnomika/Library/Developer/Xcode/DerivedData/App-ddycufmknjnqjpapxysqwvuelnli/Build/Intermediates.noindex/ArchiveIntermediates/App/IntermediateBuildFilesPath/UninstalledProducts/iphoneos/LocalNotificationsPlugin.appintents --target-triple arm64-apple-ios15.0 --binary-file /Users/shinnomika/Library/Developer/Xcode/DerivedData/App-ddycufmknjnqjpapxysqwvuelnli/Build/Intermediates.noindex/ArchiveIntermediates/App/IntermediateBuildFilesPath/UninstalledProducts/iphoneos/LocalNotificationsPlugin.o --dependency-file /Users/shinnomika/Library/Developer/Xcode/DerivedData/App-ddycufmknjnqjpapxysqwvuelnli/Build/Intermediates.noindex/ArchiveIntermediates/App/IntermediateBuildFilesPath/CapacitorLocalNotifications.build/Release-iphoneos/LocalNotificationsPlugin.build/Objects-normal/arm64/LocalNotificationsPlugin_dependency_info.dat --stringsdata-file /Users/shinnomika/Library/Developer/Xcode/DerivedData/App-ddycufmknjnqjpapxysqwvuelnli/Build/Intermediates.noindex/ArchiveIntermediates/App/IntermediateBuildFilesPath/CapacitorLocalNotifications.build/Release-iphoneos/LocalNotificationsPlugin.build/Objects-normal/arm64/ExtractedAppShortcutsMetadata.stringsdata --source-file-list /Users/shinnomika/Library/Developer/Xcode/DerivedData/App-ddycufmknjnqjpapxysqwvuelnli/Build/Intermediates.noindex/ArchiveIntermediates/App/IntermediateBuildFilesPath/CapacitorLocalNotifications.build/Release-iphoneos/LocalNotificationsPlugin.build/Objects-normal/arm64/LocalNotificationsPlugin.SwiftFileList --metadata-file-list /Users/shinnomika/Library/Developer/Xcode/DerivedData/App-ddycufmknjnqjpapxysqwvuelnli/Build/Intermediates.noindex/ArchiveIntermediates/App/IntermediateBuildFilesPath/CapacitorLocalNotifications.build/Release-iphoneos/LocalNotificationsPlugin.build/LocalNotificationsPlugin.DependencyMetadataFileList --static-metadata-file-list /Users/shinnomika/Library/Developer/Xcode/DerivedData/App-ddycufmknjnqjpapxysqwvuelnli/Build/Intermediates.noindex/ArchiveIntermediates/App/IntermediateBuildFilesPath/CapacitorLocalNotifications.build/Release-iphoneos/LocalNotificationsPlugin.build/LocalNotificationsPlugin.DependencyStaticMetadataFileList --swift-const-vals-list /Users/shinnomika/Library/Developer/Xcode/DerivedData/App-ddycufmknjnqjpapxysqwvuelnli/Build/Intermediates.noindex/ArchiveIntermediates/App/IntermediateBuildFilesPath/CapacitorLocalNotifications.build/Release-iphoneos/LocalNotificationsPlugin.build/Objects-normal/arm64/LocalNotificationsPlugin.SwiftConstValuesFileList --force --compile-time-extraction --deployment-aware-processing --validate-assistant-intents --no-app-shortcuts-localization
2026-09-03 17:08:01.872 appintentsmetadataprocessor[54796:101654475] Starting appintentsmetadataprocessor export
2026-09-03 17:08:01.895 appintentsmetadataprocessor[54796:101654475] Extracted no relevant App Intents symbols, skipping writing output

SwiftDriverJobDiscovery normal arm64 Compiling CapApp-SPM.swift (in target 'CapApp-SPM' from project 'CapApp-SPM')

SwiftDriver\ Compilation\ Requirements CapApp-SPM normal arm64 com.apple.xcode.tools.swift.compiler (in target 'CapApp-SPM' from project 'CapApp-SPM')
    cd /Users/shinnomika/git/kondate-planner/native/ios/App/App.xcodeproj
    builtin-Swift-Compilation-Requirements -- /Applications/Xcode.app/Contents/Developer/Toolchains/XcodeDefault.xctoolchain/usr/bin/swiftc -module-name CapApp_SPM -O -whole-module-optimization @/Users/shinnomika/Library/Developer/Xcode/DerivedData/App-ddycufmknjnqjpapxysqwvuelnli/Build/Intermediates.noindex/ArchiveIntermediates/App/IntermediateBuildFilesPath/CapApp-SPM.build/Release-iphoneos/CapApp-SPM.build/Objects-normal/arm64/CapApp-SPM.SwiftFileList -DSWIFT_PACKAGE -DSWIFT_MODULE_RESOURCE_BUNDLE_UNAVAILABLE -DXcode -plugin-path /Applications/Xcode.app/Contents/Developer/Toolchains/XcodeDefault.xctoolchain/usr/lib/swift/host/plugins/testing -enable-experimental-feature DebugDescriptionMacro -sdk /Applications/Xcode.app/Contents/Developer/Platforms/iPhoneOS.platform/Developer/SDKs/iPhoneOS26.5.sdk -target arm64-apple-ios15.0 -g -module-cache-path /Users/shinnomika/Library/Developer/Xcode/DerivedData/ModuleCache.noindex -Xfrontend -serialize-debugging-options -suppress-warnings -swift-version 5 -I /Users/shinnomika/Library/Developer/Xcode/DerivedData/App-ddycufmknjnqjpapxysqwvuelnli/Build/Intermediates.noindex/ArchiveIntermediates/App/BuildProductsPath/Release-iphoneos -Isystem /Applications/Xcode.app/Contents/Developer/Platforms/iPhoneOS.platform/Developer/usr/lib -F /Users/shinnomika/Library/Developer/Xcode/DerivedData/App-ddycufmknjnqjpapxysqwvuelnli/Build/Intermediates.noindex/ArchiveIntermediates/App/BuildProductsPath/Release-iphoneos/PackageFrameworks -F /Users/shinnomika/Library/Developer/Xcode/DerivedData/App-ddycufmknjnqjpapxysqwvuelnli/Build/Intermediates.noindex/ArchiveIntermediates/App/BuildProductsPath/Release-iphoneos -F /Applications/Xcode.app/Contents/Developer/Platforms/iPhoneOS.platform/Developer/Library/Frameworks -F /Applications/Xcode.app/Contents/Developer/Platforms/iPhoneOS.platform/Developer/SDKs/iPhoneOS26.5.sdk/Developer/Library/Frameworks -parse-as-library -c -num-threads 10 -Xcc -ivfsstatcache -Xcc /Users/shinnomika/Library/Developer/Xcode/DerivedData/SDKStatCaches.noindex/iphoneos26.5-23F81a-32daed1954a7d5dd0789fcaf2a9bb78b.sdkstatcache -output-file-map /Users/shinnomika/Library/Developer/Xcode/DerivedData/App-ddycufmknjnqjpapxysqwvuelnli/Build/Intermediates.noindex/ArchiveIntermediates/App/IntermediateBuildFilesPath/CapApp-SPM.build/Release-iphoneos/CapApp-SPM.build/Objects-normal/arm64/CapApp-SPM-OutputFileMap.json -use-frontend-parseable-output -save-temps -no-color-diagnostics -explicit-module-build -module-cache-path /Users/shinnomika/Library/Developer/Xcode/DerivedData/App-ddycufmknjnqjpapxysqwvuelnli/Build/Intermediates.noindex/ArchiveIntermediates/App/IntermediateBuildFilesPath/SwiftExplicitPrecompiledModules -clang-scanner-module-cache-path /Users/shinnomika/Library/Developer/Xcode/DerivedData/ModuleCache.noindex -sdk-module-cache-path /Users/shinnomika/Library/Developer/Xcode/DerivedData/ModuleCache.noindex -serialize-diagnostics -emit-dependencies -emit-module -emit-module-path /Users/shinnomika/Library/Developer/Xcode/DerivedData/App-ddycufmknjnqjpapxysqwvuelnli/Build/Intermediates.noindex/ArchiveIntermediates/App/IntermediateBuildFilesPath/CapApp-SPM.build/Release-iphoneos/CapApp-SPM.build/Objects-normal/arm64/CapApp_SPM.swiftmodule -validate-clang-modules-once -clang-build-session-file /Users/shinnomika/Library/Developer/Xcode/DerivedData/ModuleCache.noindex/Session.modulevalidation -package-name capapp_spm -Xcc -I/Users/shinnomika/Library/Developer/Xcode/DerivedData/App-ddycufmknjnqjpapxysqwvuelnli/Build/Intermediates.noindex/ArchiveIntermediates/App/IntermediateBuildFilesPath/CapApp-SPM.build/Release-iphoneos/CapApp-SPM.build/swift-overrides.hmap -emit-const-values -Xfrontend -const-gather-protocols-file -Xfrontend /Users/shinnomika/Library/Developer/Xcode/DerivedData/App-ddycufmknjnqjpapxysqwvuelnli/Build/Intermediates.noindex/ArchiveIntermediates/App/IntermediateBuildFilesPath/CapApp-SPM.build/Release-iphoneos/CapApp-SPM.build/Objects-normal/arm64/CapApp-SPM_const_extract_protocols.json -Xcc -I/Users/shinnomika/Library/Developer/Xcode/DerivedData/App-ddycufmknjnqjpapxysqwvuelnli/Build/Intermediates.noindex/ArchiveIntermediates/App/BuildProductsPath/Release-iphoneos/include -Xcc -I/Users/shinnomika/Library/Developer/Xcode/DerivedData/App-ddycufmknjnqjpapxysqwvuelnli/Build/Intermediates.noindex/ArchiveIntermediates/App/IntermediateBuildFilesPath/CapApp-SPM.build/Release-iphoneos/CapApp-SPM.build/DerivedSources-normal/arm64 -Xcc -I/Users/shinnomika/Library/Developer/Xcode/DerivedData/App-ddycufmknjnqjpapxysqwvuelnli/Build/Intermediates.noindex/ArchiveIntermediates/App/IntermediateBuildFilesPath/CapApp-SPM.build/Release-iphoneos/CapApp-SPM.build/DerivedSources/arm64 -Xcc -I/Users/shinnomika/Library/Developer/Xcode/DerivedData/App-ddycufmknjnqjpapxysqwvuelnli/Build/Intermediates.noindex/ArchiveIntermediates/App/IntermediateBuildFilesPath/CapApp-SPM.build/Release-iphoneos/CapApp-SPM.build/DerivedSources -Xcc -DSWIFT_PACKAGE -emit-objc-header -emit-objc-header-path /Users/shinnomika/Library/Developer/Xcode/DerivedData/App-ddycufmknjnqjpapxysqwvuelnli/Build/Intermediates.noindex/ArchiveIntermediates/App/IntermediateBuildFilesPath/CapApp-SPM.build/Release-iphoneos/CapApp-SPM.build/Objects-normal/arm64/CapApp-SPM-Swift.h -working-directory /Users/shinnomika/git/kondate-planner/native/ios/App/App.xcodeproj -no-emit-module-separately-wmo

SwiftMergeGeneratedHeaders /Users/shinnomika/Library/Developer/Xcode/DerivedData/App-ddycufmknjnqjpapxysqwvuelnli/Build/Intermediates.noindex/ArchiveIntermediates/App/IntermediateBuildFilesPath/GeneratedModuleMaps-iphoneos/CapApp-SPM-Swift.h /Users/shinnomika/Library/Developer/Xcode/DerivedData/App-ddycufmknjnqjpapxysqwvuelnli/Build/Intermediates.noindex/ArchiveIntermediates/App/IntermediateBuildFilesPath/CapApp-SPM.build/Release-iphoneos/CapApp-SPM.build/Objects-normal/arm64/CapApp-SPM-Swift.h (in target 'CapApp-SPM' from project 'CapApp-SPM')
    cd /Users/shinnomika/git/kondate-planner/native/ios/App/CapApp-SPM
    builtin-swiftHeaderTool -arch arm64 /Users/shinnomika/Library/Developer/Xcode/DerivedData/App-ddycufmknjnqjpapxysqwvuelnli/Build/Intermediates.noindex/ArchiveIntermediates/App/IntermediateBuildFilesPath/CapApp-SPM.build/Release-iphoneos/CapApp-SPM.build/Objects-normal/arm64/CapApp-SPM-Swift.h -o /Users/shinnomika/Library/Developer/Xcode/DerivedData/App-ddycufmknjnqjpapxysqwvuelnli/Build/Intermediates.noindex/ArchiveIntermediates/App/IntermediateBuildFilesPath/GeneratedModuleMaps-iphoneos/CapApp-SPM-Swift.h

Copy /Users/shinnomika/Library/Developer/Xcode/DerivedData/App-ddycufmknjnqjpapxysqwvuelnli/Build/Intermediates.noindex/ArchiveIntermediates/App/BuildProductsPath/Release-iphoneos/CapApp_SPM.swiftmodule/arm64-apple-ios.swiftmodule /Users/shinnomika/Library/Developer/Xcode/DerivedData/App-ddycufmknjnqjpapxysqwvuelnli/Build/Intermediates.noindex/ArchiveIntermediates/App/IntermediateBuildFilesPath/CapApp-SPM.build/Release-iphoneos/CapApp-SPM.build/Objects-normal/arm64/CapApp_SPM.swiftmodule (in target 'CapApp-SPM' from project 'CapApp-SPM')
    cd /Users/shinnomika/git/kondate-planner/native/ios/App/CapApp-SPM
    builtin-copy -exclude .DS_Store -exclude CVS -exclude .svn -exclude .git -exclude .hg -strip-unsigned-binaries -strip-deterministic -strip-tool /Applications/Xcode.app/Contents/Developer/Toolchains/XcodeDefault.xctoolchain/usr/bin/strip -resolve-src-symlinks -rename /Users/shinnomika/Library/Developer/Xcode/DerivedData/App-ddycufmknjnqjpapxysqwvuelnli/Build/Intermediates.noindex/ArchiveIntermediates/App/IntermediateBuildFilesPath/CapApp-SPM.build/Release-iphoneos/CapApp-SPM.build/Objects-normal/arm64/CapApp_SPM.swiftmodule /Users/shinnomika/Library/Developer/Xcode/DerivedData/App-ddycufmknjnqjpapxysqwvuelnli/Build/Intermediates.noindex/ArchiveIntermediates/App/BuildProductsPath/Release-iphoneos/CapApp_SPM.swiftmodule/arm64-apple-ios.swiftmodule

Copy /Users/shinnomika/Library/Developer/Xcode/DerivedData/App-ddycufmknjnqjpapxysqwvuelnli/Build/Intermediates.noindex/ArchiveIntermediates/App/BuildProductsPath/Release-iphoneos/CapApp_SPM.swiftmodule/arm64-apple-ios.abi.json /Users/shinnomika/Library/Developer/Xcode/DerivedData/App-ddycufmknjnqjpapxysqwvuelnli/Build/Intermediates.noindex/ArchiveIntermediates/App/IntermediateBuildFilesPath/CapApp-SPM.build/Release-iphoneos/CapApp-SPM.build/Objects-normal/arm64/CapApp_SPM.abi.json (in target 'CapApp-SPM' from project 'CapApp-SPM')
    cd /Users/shinnomika/git/kondate-planner/native/ios/App/CapApp-SPM
    builtin-copy -exclude .DS_Store -exclude CVS -exclude .svn -exclude .git -exclude .hg -strip-unsigned-binaries -strip-deterministic -strip-tool /Applications/Xcode.app/Contents/Developer/Toolchains/XcodeDefault.xctoolchain/usr/bin/strip -resolve-src-symlinks -rename /Users/shinnomika/Library/Developer/Xcode/DerivedData/App-ddycufmknjnqjpapxysqwvuelnli/Build/Intermediates.noindex/ArchiveIntermediates/App/IntermediateBuildFilesPath/CapApp-SPM.build/Release-iphoneos/CapApp-SPM.build/Objects-normal/arm64/CapApp_SPM.abi.json /Users/shinnomika/Library/Developer/Xcode/DerivedData/App-ddycufmknjnqjpapxysqwvuelnli/Build/Intermediates.noindex/ArchiveIntermediates/App/BuildProductsPath/Release-iphoneos/CapApp_SPM.swiftmodule/arm64-apple-ios.abi.json

Copy /Users/shinnomika/Library/Developer/Xcode/DerivedData/App-ddycufmknjnqjpapxysqwvuelnli/Build/Intermediates.noindex/ArchiveIntermediates/App/BuildProductsPath/Release-iphoneos/CapApp_SPM.swiftmodule/arm64-apple-ios.swiftdoc /Users/shinnomika/Library/Developer/Xcode/DerivedData/App-ddycufmknjnqjpapxysqwvuelnli/Build/Intermediates.noindex/ArchiveIntermediates/App/IntermediateBuildFilesPath/CapApp-SPM.build/Release-iphoneos/CapApp-SPM.build/Objects-normal/arm64/CapApp_SPM.swiftdoc (in target 'CapApp-SPM' from project 'CapApp-SPM')
    cd /Users/shinnomika/git/kondate-planner/native/ios/App/CapApp-SPM
    builtin-copy -exclude .DS_Store -exclude CVS -exclude .svn -exclude .git -exclude .hg -strip-unsigned-binaries -strip-deterministic -strip-tool /Applications/Xcode.app/Contents/Developer/Toolchains/XcodeDefault.xctoolchain/usr/bin/strip -resolve-src-symlinks -rename /Users/shinnomika/Library/Developer/Xcode/DerivedData/App-ddycufmknjnqjpapxysqwvuelnli/Build/Intermediates.noindex/ArchiveIntermediates/App/IntermediateBuildFilesPath/CapApp-SPM.build/Release-iphoneos/CapApp-SPM.build/Objects-normal/arm64/CapApp_SPM.swiftdoc /Users/shinnomika/Library/Developer/Xcode/DerivedData/App-ddycufmknjnqjpapxysqwvuelnli/Build/Intermediates.noindex/ArchiveIntermediates/App/BuildProductsPath/Release-iphoneos/CapApp_SPM.swiftmodule/arm64-apple-ios.swiftdoc

ProcessProductPackaging /Users/shinnomika/Library/Developer/Xcode/UserData/Provisioning\ Profiles/03c2e1fb-006c-409a-99e8-524ca45918d5.mobileprovision /Users/shinnomika/Library/Developer/Xcode/DerivedData/App-ddycufmknjnqjpapxysqwvuelnli/Build/Intermediates.noindex/ArchiveIntermediates/App/InstallationBuildProductsLocation/Applications/App.app/embedded.mobileprovision (in target 'App' from project 'App')
    cd /Users/shinnomika/git/kondate-planner/native/ios/App
    builtin-productPackagingUtility /Users/shinnomika/Library/Developer/Xcode/UserData/Provisioning\ Profiles/03c2e1fb-006c-409a-99e8-524ca45918d5.mobileprovision -o /Users/shinnomika/Library/Developer/Xcode/DerivedData/App-ddycufmknjnqjpapxysqwvuelnli/Build/Intermediates.noindex/ArchiveIntermediates/App/InstallationBuildProductsLocation/Applications/App.app/embedded.mobileprovision

ProcessProductPackaging "" /Users/shinnomika/Library/Developer/Xcode/DerivedData/App-ddycufmknjnqjpapxysqwvuelnli/Build/Intermediates.noindex/ArchiveIntermediates/App/IntermediateBuildFilesPath/App.build/Release-iphoneos/App.build/App.app.xcent (in target 'App' from project 'App')
    cd /Users/shinnomika/git/kondate-planner/native/ios/App
    
    Entitlements:
    
    {
    "application-identifier" = "DMFMF7DMR3.com.experisent.kondate";
    "com.apple.developer.team-identifier" = DMFMF7DMR3;
    "get-task-allow" = 1;
}
    
    builtin-productPackagingUtility -entitlements -format xml -o /Users/shinnomika/Library/Developer/Xcode/DerivedData/App-ddycufmknjnqjpapxysqwvuelnli/Build/Intermediates.noindex/ArchiveIntermediates/App/IntermediateBuildFilesPath/App.build/Release-iphoneos/App.build/App.app.xcent

ProcessProductPackagingDER /Users/shinnomika/Library/Developer/Xcode/DerivedData/App-ddycufmknjnqjpapxysqwvuelnli/Build/Intermediates.noindex/ArchiveIntermediates/App/IntermediateBuildFilesPath/App.build/Release-iphoneos/App.build/App.app.xcent /Users/shinnomika/Library/Developer/Xcode/DerivedData/App-ddycufmknjnqjpapxysqwvuelnli/Build/Intermediates.noindex/ArchiveIntermediates/App/IntermediateBuildFilesPath/App.build/Release-iphoneos/App.build/App.app.xcent.der (in target 'App' from project 'App')
    cd /Users/shinnomika/git/kondate-planner/native/ios/App
    /usr/bin/derq query -f xml -i /Users/shinnomika/Library/Developer/Xcode/DerivedData/App-ddycufmknjnqjpapxysqwvuelnli/Build/Intermediates.noindex/ArchiveIntermediates/App/IntermediateBuildFilesPath/App.build/Release-iphoneos/App.build/App.app.xcent -o /Users/shinnomika/Library/Developer/Xcode/DerivedData/App-ddycufmknjnqjpapxysqwvuelnli/Build/Intermediates.noindex/ArchiveIntermediates/App/IntermediateBuildFilesPath/App.build/Release-iphoneos/App.build/App.app.xcent.der --raw

GenerateAssetSymbols /Users/shinnomika/git/kondate-planner/native/ios/App/App/Assets.xcassets (in target 'App' from project 'App')
    cd /Users/shinnomika/git/kondate-planner/native/ios/App
    /Applications/Xcode.app/Contents/Developer/usr/bin/actool /Users/shinnomika/git/kondate-planner/native/ios/App/App/Assets.xcassets --compile /Users/shinnomika/Library/Developer/Xcode/DerivedData/App-ddycufmknjnqjpapxysqwvuelnli/Build/Intermediates.noindex/ArchiveIntermediates/App/InstallationBuildProductsLocation/Applications/App.app --output-format human-readable-text --notices --warnings --export-dependency-info /Users/shinnomika/Library/Developer/Xcode/DerivedData/App-ddycufmknjnqjpapxysqwvuelnli/Build/Intermediates.noindex/ArchiveIntermediates/App/IntermediateBuildFilesPath/App.build/Release-iphoneos/App.build/assetcatalog_dependencies --output-partial-info-plist /Users/shinnomika/Library/Developer/Xcode/DerivedData/App-ddycufmknjnqjpapxysqwvuelnli/Build/Intermediates.noindex/ArchiveIntermediates/App/IntermediateBuildFilesPath/App.build/Release-iphoneos/App.build/assetcatalog_generated_info.plist --app-icon AppIcon --compress-pngs --enable-on-demand-resources YES --development-region en --target-device iphone --target-device ipad --minimum-deployment-target 15.0 --platform iphoneos --bundle-identifier com.experisent.kondate --generate-swift-asset-symbol-extensions NO --generate-swift-asset-symbols /Users/shinnomika/Library/Developer/Xcode/DerivedData/App-ddycufmknjnqjpapxysqwvuelnli/Build/Intermediates.noindex/ArchiveIntermediates/App/IntermediateBuildFilesPath/App.build/Release-iphoneos/App.build/DerivedSources/GeneratedAssetSymbols.swift --generate-objc-asset-symbols /Users/shinnomika/Library/Developer/Xcode/DerivedData/App-ddycufmknjnqjpapxysqwvuelnli/Build/Intermediates.noindex/ArchiveIntermediates/App/IntermediateBuildFilesPath/App.build/Release-iphoneos/App.build/DerivedSources/GeneratedAssetSymbols.h --generate-asset-symbol-index /Users/shinnomika/Library/Developer/Xcode/DerivedData/App-ddycufmknjnqjpapxysqwvuelnli/Build/Intermediates.noindex/ArchiveIntermediates/App/IntermediateBuildFilesPath/App.build/Release-iphoneos/App.build/DerivedSources/GeneratedAssetSymbols-Index.plist
/* com.apple.actool.compilation-results */
/Users/shinnomika/Library/Developer/Xcode/DerivedData/App-ddycufmknjnqjpapxysqwvuelnli/Build/Intermediates.noindex/ArchiveIntermediates/App/IntermediateBuildFilesPath/App.build/Release-iphoneos/App.build/DerivedSources/GeneratedAssetSymbols-Index.plist
/Users/shinnomika/Library/Developer/Xcode/DerivedData/App-ddycufmknjnqjpapxysqwvuelnli/Build/Intermediates.noindex/ArchiveIntermediates/App/IntermediateBuildFilesPath/App.build/Release-iphoneos/App.build/DerivedSources/GeneratedAssetSymbols.h
/Users/shinnomika/Library/Developer/Xcode/DerivedData/App-ddycufmknjnqjpapxysqwvuelnli/Build/Intermediates.noindex/ArchiveIntermediates/App/IntermediateBuildFilesPath/App.build/Release-iphoneos/App.build/DerivedSources/GeneratedAssetSymbols.swift


MkDir /Users/shinnomika/Library/Developer/Xcode/DerivedData/App-ddycufmknjnqjpapxysqwvuelnli/Build/Intermediates.noindex/ArchiveIntermediates/App/IntermediateBuildFilesPath/App.build/Release-iphoneos/App.build/assetcatalog_output/unthinned (in target 'App' from project 'App')
    cd /Users/shinnomika/git/kondate-planner/native/ios/App
    /bin/mkdir -p /Users/shinnomika/Library/Developer/Xcode/DerivedData/App-ddycufmknjnqjpapxysqwvuelnli/Build/Intermediates.noindex/ArchiveIntermediates/App/IntermediateBuildFilesPath/App.build/Release-iphoneos/App.build/assetcatalog_output/unthinned

MkDir /Users/shinnomika/Library/Developer/Xcode/DerivedData/App-ddycufmknjnqjpapxysqwvuelnli/Build/Intermediates.noindex/ArchiveIntermediates/App/IntermediateBuildFilesPath/App.build/Release-iphoneos/App.build/assetcatalog_output/thinned (in target 'App' from project 'App')
    cd /Users/shinnomika/git/kondate-planner/native/ios/App
    /bin/mkdir -p /Users/shinnomika/Library/Developer/Xcode/DerivedData/App-ddycufmknjnqjpapxysqwvuelnli/Build/Intermediates.noindex/ArchiveIntermediates/App/IntermediateBuildFilesPath/App.build/Release-iphoneos/App.build/assetcatalog_output/thinned

CompileAssetCatalogVariant thinned /Users/shinnomika/Library/Developer/Xcode/DerivedData/App-ddycufmknjnqjpapxysqwvuelnli/Build/Intermediates.noindex/ArchiveIntermediates/App/InstallationBuildProductsLocation/Applications/App.app /Users/shinnomika/git/kondate-planner/native/ios/App/App/Assets.xcassets (in target 'App' from project 'App')
    cd /Users/shinnomika/git/kondate-planner/native/ios/App
    /Applications/Xcode.app/Contents/Developer/usr/bin/actool /Users/shinnomika/git/kondate-planner/native/ios/App/App/Assets.xcassets --compile /Users/shinnomika/Library/Developer/Xcode/DerivedData/App-ddycufmknjnqjpapxysqwvuelnli/Build/Intermediates.noindex/ArchiveIntermediates/App/IntermediateBuildFilesPath/App.build/Release-iphoneos/App.build/assetcatalog_output/thinned --output-format human-readable-text --notices --warnings --export-dependency-info /Users/shinnomika/Library/Developer/Xcode/DerivedData/App-ddycufmknjnqjpapxysqwvuelnli/Build/Intermediates.noindex/ArchiveIntermediates/App/IntermediateBuildFilesPath/App.build/Release-iphoneos/App.build/assetcatalog_dependencies_thinned --output-partial-info-plist /Users/shinnomika/Library/Developer/Xcode/DerivedData/App-ddycufmknjnqjpapxysqwvuelnli/Build/Intermediates.noindex/ArchiveIntermediates/App/IntermediateBuildFilesPath/App.build/Release-iphoneos/App.build/assetcatalog_generated_info.plist_thinned --app-icon AppIcon --compress-pngs --enable-on-demand-resources YES --development-region en --target-device iphone --target-device ipad --minimum-deployment-target 15.0 --platform iphoneos
/* com.apple.actool.compilation-results */
/Users/shinnomika/Library/Developer/Xcode/DerivedData/App-ddycufmknjnqjpapxysqwvuelnli/Build/Intermediates.noindex/ArchiveIntermediates/App/IntermediateBuildFilesPath/App.build/Release-iphoneos/App.build/assetcatalog_generated_info.plist_thinned
/Users/shinnomika/Library/Developer/Xcode/DerivedData/App-ddycufmknjnqjpapxysqwvuelnli/Build/Intermediates.noindex/ArchiveIntermediates/App/IntermediateBuildFilesPath/App.build/Release-iphoneos/App.build/assetcatalog_output/thinned/AppIcon60x60@2x.png
/Users/shinnomika/Library/Developer/Xcode/DerivedData/App-ddycufmknjnqjpapxysqwvuelnli/Build/Intermediates.noindex/ArchiveIntermediates/App/IntermediateBuildFilesPath/App.build/Release-iphoneos/App.build/assetcatalog_output/thinned/AppIcon76x76@2x~ipad.png
/Users/shinnomika/Library/Developer/Xcode/DerivedData/App-ddycufmknjnqjpapxysqwvuelnli/Build/Intermediates.noindex/ArchiveIntermediates/App/IntermediateBuildFilesPath/App.build/Release-iphoneos/App.build/assetcatalog_output/thinned/Assets.car


SetOwnerAndGroup shinnomika:staff /Users/shinnomika/Library/Developer/Xcode/DerivedData/App-ddycufmknjnqjpapxysqwvuelnli/Build/Intermediates.noindex/ArchiveIntermediates/App/IntermediateBuildFilesPath/UninstalledProducts/iphoneos/LocalNotificationsPlugin.o (in target 'LocalNotificationsPlugin' from project 'CapacitorLocalNotifications')
    cd /Users/shinnomika/git/kondate-planner/native/node_modules/@capacitor/local-notifications
    /usr/sbin/chown -RH shinnomika:staff /Users/shinnomika/Library/Developer/Xcode/DerivedData/App-ddycufmknjnqjpapxysqwvuelnli/Build/Intermediates.noindex/ArchiveIntermediates/App/IntermediateBuildFilesPath/UninstalledProducts/iphoneos/LocalNotificationsPlugin.o

SetMode u+w,go-w,a+rX /Users/shinnomika/Library/Developer/Xcode/DerivedData/App-ddycufmknjnqjpapxysqwvuelnli/Build/Intermediates.noindex/ArchiveIntermediates/App/IntermediateBuildFilesPath/UninstalledProducts/iphoneos/LocalNotificationsPlugin.o (in target 'LocalNotificationsPlugin' from project 'CapacitorLocalNotifications')
    cd /Users/shinnomika/git/kondate-planner/native/node_modules/@capacitor/local-notifications
    /bin/chmod -RH u+w,go-w,a+rX /Users/shinnomika/Library/Developer/Xcode/DerivedData/App-ddycufmknjnqjpapxysqwvuelnli/Build/Intermediates.noindex/ArchiveIntermediates/App/IntermediateBuildFilesPath/UninstalledProducts/iphoneos/LocalNotificationsPlugin.o

RegisterExecutionPolicyException /Users/shinnomika/Library/Developer/Xcode/DerivedData/App-ddycufmknjnqjpapxysqwvuelnli/Build/Intermediates.noindex/ArchiveIntermediates/App/IntermediateBuildFilesPath/UninstalledProducts/iphoneos/LocalNotificationsPlugin.o (in target 'LocalNotificationsPlugin' from project 'CapacitorLocalNotifications')
    cd /Users/shinnomika/git/kondate-planner/native/node_modules/@capacitor/local-notifications
    builtin-RegisterExecutionPolicyException /Users/shinnomika/Library/Developer/Xcode/DerivedData/App-ddycufmknjnqjpapxysqwvuelnli/Build/Intermediates.noindex/ArchiveIntermediates/App/IntermediateBuildFilesPath/UninstalledProducts/iphoneos/LocalNotificationsPlugin.o

SwiftDriver App normal arm64 com.apple.xcode.tools.swift.compiler (in target 'App' from project 'App')
    cd /Users/shinnomika/git/kondate-planner/native/ios/App
    builtin-SwiftDriver -- /Applications/Xcode.app/Contents/Developer/Toolchains/XcodeDefault.xctoolchain/usr/bin/swiftc -module-name App -O -whole-module-optimization @/Users/shinnomika/Library/Developer/Xcode/DerivedData/App-ddycufmknjnqjpapxysqwvuelnli/Build/Intermediates.noindex/ArchiveIntermediates/App/IntermediateBuildFilesPath/App.build/Release-iphoneos/App.build/Objects-normal/arm64/App.SwiftFileList -enable-bare-slash-regex -enable-experimental-feature DebugDescriptionMacro -sdk /Applications/Xcode.app/Contents/Developer/Platforms/iPhoneOS.platform/Developer/SDKs/iPhoneOS26.5.sdk -target arm64-apple-ios15.0 -g -module-cache-path /Users/shinnomika/Library/Developer/Xcode/DerivedData/ModuleCache.noindex -Xfrontend -serialize-debugging-options -swift-version 5 -I /Users/shinnomika/Library/Developer/Xcode/DerivedData/App-ddycufmknjnqjpapxysqwvuelnli/Build/Intermediates.noindex/ArchiveIntermediates/App/BuildProductsPath/Release-iphoneos -F /Users/shinnomika/Library/Developer/Xcode/DerivedData/App-ddycufmknjnqjpapxysqwvuelnli/Build/Intermediates.noindex/ArchiveIntermediates/App/BuildProductsPath/Release-iphoneos/PackageFrameworks -F /Users/shinnomika/Library/Developer/Xcode/DerivedData/App-ddycufmknjnqjpapxysqwvuelnli/Build/Intermediates.noindex/ArchiveIntermediates/App/BuildProductsPath/Release-iphoneos/PackageFrameworks -F /Users/shinnomika/Library/Developer/Xcode/DerivedData/App-ddycufmknjnqjpapxysqwvuelnli/Build/Intermediates.noindex/ArchiveIntermediates/App/BuildProductsPath/Release-iphoneos -c -num-threads 10 -Xcc -ivfsstatcache -Xcc /Users/shinnomika/Library/Developer/Xcode/DerivedData/SDKStatCaches.noindex/iphoneos26.5-23F81a-32daed1954a7d5dd0789fcaf2a9bb78b.sdkstatcache -output-file-map /Users/shinnomika/Library/Developer/Xcode/DerivedData/App-ddycufmknjnqjpapxysqwvuelnli/Build/Intermediates.noindex/ArchiveIntermediates/App/IntermediateBuildFilesPath/App.build/Release-iphoneos/App.build/Objects-normal/arm64/App-OutputFileMap.json -use-frontend-parseable-output -save-temps -no-color-diagnostics -explicit-module-build -module-cache-path /Users/shinnomika/Library/Developer/Xcode/DerivedData/App-ddycufmknjnqjpapxysqwvuelnli/Build/Intermediates.noindex/ArchiveIntermediates/App/IntermediateBuildFilesPath/SwiftExplicitPrecompiledModules -clang-scanner-module-cache-path /Users/shinnomika/Library/Developer/Xcode/DerivedData/ModuleCache.noindex -sdk-module-cache-path /Users/shinnomika/Library/Developer/Xcode/DerivedData/ModuleCache.noindex -serialize-diagnostics -emit-dependencies -emit-module -emit-module-path /Users/shinnomika/Library/Developer/Xcode/DerivedData/App-ddycufmknjnqjpapxysqwvuelnli/Build/Intermediates.noindex/ArchiveIntermediates/App/IntermediateBuildFilesPath/App.build/Release-iphoneos/App.build/Objects-normal/arm64/App.swiftmodule -validate-clang-modules-once -clang-build-session-file /Users/shinnomika/Library/Developer/Xcode/DerivedData/ModuleCache.noindex/Session.modulevalidation -Xcc -I/Users/shinnomika/Library/Developer/Xcode/DerivedData/App-ddycufmknjnqjpapxysqwvuelnli/Build/Intermediates.noindex/ArchiveIntermediates/App/IntermediateBuildFilesPath/App.build/Release-iphoneos/App.build/swift-overrides.hmap -emit-const-values -Xfrontend -const-gather-protocols-file -Xfrontend /Users/shinnomika/Library/Developer/Xcode/DerivedData/App-ddycufmknjnqjpapxysqwvuelnli/Build/Intermediates.noindex/ArchiveIntermediates/App/IntermediateBuildFilesPath/App.build/Release-iphoneos/App.build/Objects-normal/arm64/App_const_extract_protocols.json -Xcc -iquote -Xcc /Users/shinnomika/Library/Developer/Xcode/DerivedData/App-ddycufmknjnqjpapxysqwvuelnli/Build/Intermediates.noindex/ArchiveIntermediates/App/IntermediateBuildFilesPath/App.build/Release-iphoneos/App.build/App-generated-files.hmap -Xcc -I/Users/shinnomika/Library/Developer/Xcode/DerivedData/App-ddycufmknjnqjpapxysqwvuelnli/Build/Intermediates.noindex/ArchiveIntermediates/App/IntermediateBuildFilesPath/App.build/Release-iphoneos/App.build/App-own-target-headers.hmap -Xcc -I/Users/shinnomika/Library/Developer/Xcode/DerivedData/App-ddycufmknjnqjpapxysqwvuelnli/Build/Intermediates.noindex/ArchiveIntermediates/App/IntermediateBuildFilesPath/App.build/Release-iphoneos/App.build/App-all-non-framework-target-headers.hmap -Xcc -ivfsoverlay -Xcc /Users/shinnomika/Library/Developer/Xcode/DerivedData/App-ddycufmknjnqjpapxysqwvuelnli/Build/Intermediates.noindex/ArchiveIntermediates/App/IntermediateBuildFilesPath/App.build/Release-iphoneos/App-0ca3007d900a678c2b4d53418799ee3d-VFS-iphoneos/all-product-headers.yaml -Xcc -iquote -Xcc /Users/shinnomika/Library/Developer/Xcode/DerivedData/App-ddycufmknjnqjpapxysqwvuelnli/Build/Intermediates.noindex/ArchiveIntermediates/App/IntermediateBuildFilesPath/App.build/Release-iphoneos/App.build/App-project-headers.hmap -Xcc -I/Users/shinnomika/Library/Developer/Xcode/DerivedData/App-ddycufmknjnqjpapxysqwvuelnli/Build/Intermediates.noindex/ArchiveIntermediates/App/BuildProductsPath/Release-iphoneos/include -Xcc -I/Users/shinnomika/Library/Developer/Xcode/DerivedData/App-ddycufmknjnqjpapxysqwvuelnli/Build/Intermediates.noindex/ArchiveIntermediates/App/IntermediateBuildFilesPath/App.build/Release-iphoneos/App.build/DerivedSources-normal/arm64 -Xcc -I/Users/shinnomika/Library/Developer/Xcode/DerivedData/App-ddycufmknjnqjpapxysqwvuelnli/Build/Intermediates.noindex/ArchiveIntermediates/App/IntermediateBuildFilesPath/App.build/Release-iphoneos/App.build/DerivedSources/arm64 -Xcc -I/Users/shinnomika/Library/Developer/Xcode/DerivedData/App-ddycufmknjnqjpapxysqwvuelnli/Build/Intermediates.noindex/ArchiveIntermediates/App/IntermediateBuildFilesPath/App.build/Release-iphoneos/App.build/DerivedSources -emit-objc-header -emit-objc-header-path /Users/shinnomika/Library/Developer/Xcode/DerivedData/App-ddycufmknjnqjpapxysqwvuelnli/Build/Intermediates.noindex/ArchiveIntermediates/App/IntermediateBuildFilesPath/App.build/Release-iphoneos/App.build/Objects-normal/arm64/App-Swift.h -working-directory /Users/shinnomika/git/kondate-planner/native/ios/App -no-emit-module-separately-wmo

Ld /Users/shinnomika/Library/Developer/Xcode/DerivedData/App-ddycufmknjnqjpapxysqwvuelnli/Build/Intermediates.noindex/ArchiveIntermediates/App/IntermediateBuildFilesPath/UninstalledProducts/iphoneos/CapApp-SPM.o normal (in target 'CapApp-SPM' from project 'CapApp-SPM')
    cd /Users/shinnomika/git/kondate-planner/native/ios/App/CapApp-SPM
    /Applications/Xcode.app/Contents/Developer/Toolchains/XcodeDefault.xctoolchain/usr/bin/clang -Xlinker -reproducible -target arm64-apple-ios15.0 -r -isysroot /Applications/Xcode.app/Contents/Developer/Platforms/iPhoneOS.platform/Developer/SDKs/iPhoneOS26.5.sdk -Os -w -F/Users/shinnomika/Library/Developer/Xcode/DerivedData/App-ddycufmknjnqjpapxysqwvuelnli/Build/Intermediates.noindex/ArchiveIntermediates/App/IntermediateBuildFilesPath/EagerLinkingTBDs/Release-iphoneos -F/Users/shinnomika/Library/Developer/Xcode/DerivedData/App-ddycufmknjnqjpapxysqwvuelnli/Build/Intermediates.noindex/ArchiveIntermediates/App/BuildProductsPath/Release-iphoneos/PackageFrameworks -F/Users/shinnomika/Library/Developer/Xcode/DerivedData/App-ddycufmknjnqjpapxysqwvuelnli/Build/Intermediates.noindex/ArchiveIntermediates/App/BuildProductsPath/Release-iphoneos -iframework /Applications/Xcode.app/Contents/Developer/Platforms/iPhoneOS.platform/Developer/Library/Frameworks -iframework /Applications/Xcode.app/Contents/Developer/Platforms/iPhoneOS.platform/Developer/SDKs/iPhoneOS26.5.sdk/Developer/Library/Frameworks -filelist /Users/shinnomika/Library/Developer/Xcode/DerivedData/App-ddycufmknjnqjpapxysqwvuelnli/Build/Intermediates.noindex/ArchiveIntermediates/App/IntermediateBuildFilesPath/CapApp-SPM.build/Release-iphoneos/CapApp-SPM.build/Objects-normal/arm64/CapApp-SPM.LinkFileList -nostdlib -Xlinker -object_path_lto -Xlinker /Users/shinnomika/Library/Developer/Xcode/DerivedData/App-ddycufmknjnqjpapxysqwvuelnli/Build/Intermediates.noindex/ArchiveIntermediates/App/IntermediateBuildFilesPath/CapApp-SPM.build/Release-iphoneos/CapApp-SPM.build/Objects-normal/arm64/CapApp-SPM_lto.o -Xlinker -dependency_info -Xlinker /Users/shinnomika/Library/Developer/Xcode/DerivedData/App-ddycufmknjnqjpapxysqwvuelnli/Build/Intermediates.noindex/ArchiveIntermediates/App/IntermediateBuildFilesPath/CapApp-SPM.build/Release-iphoneos/CapApp-SPM.build/Objects-normal/arm64/CapApp-SPM_dependency_info.dat -fobjc-link-runtime -L/Applications/Xcode.app/Contents/Developer/Toolchains/XcodeDefault.xctoolchain/usr/lib/swift/iphoneos -L/usr/lib/swift -Xlinker -add_ast_path -Xlinker /Users/shinnomika/Library/Developer/Xcode/DerivedData/App-ddycufmknjnqjpapxysqwvuelnli/Build/Intermediates.noindex/ArchiveIntermediates/App/IntermediateBuildFilesPath/CapApp-SPM.build/Release-iphoneos/CapApp-SPM.build/Objects-normal/arm64/CapApp_SPM.swiftmodule @/Users/shinnomika/Library/Developer/Xcode/DerivedData/App-ddycufmknjnqjpapxysqwvuelnli/Build/Intermediates.noindex/ArchiveIntermediates/App/IntermediateBuildFilesPath/CapApp-SPM.build/Release-iphoneos/CapApp-SPM.build/Objects-normal/arm64/CapApp_SPM-linker-args.resp -o /Users/shinnomika/Library/Developer/Xcode/DerivedData/App-ddycufmknjnqjpapxysqwvuelnli/Build/Intermediates.noindex/ArchiveIntermediates/App/IntermediateBuildFilesPath/UninstalledProducts/iphoneos/CapApp-SPM.o

ExtractAppIntentsMetadata (in target 'CapApp-SPM' from project 'CapApp-SPM')
    cd /Users/shinnomika/git/kondate-planner/native/ios/App/CapApp-SPM
    /Applications/Xcode.app/Contents/Developer/Toolchains/XcodeDefault.xctoolchain/usr/bin/appintentsmetadataprocessor --toolchain-dir /Applications/Xcode.app/Contents/Developer/Toolchains/XcodeDefault.xctoolchain --module-name CapApp_SPM --sdk-root /Applications/Xcode.app/Contents/Developer/Platforms/iPhoneOS.platform/Developer/SDKs/iPhoneOS26.5.sdk --xcode-version 17F113 --platform-family iOS --deployment-target 15.0 --bundle-identifier capapp-spm.CapApp-SPM --output /Users/shinnomika/Library/Developer/Xcode/DerivedData/App-ddycufmknjnqjpapxysqwvuelnli/Build/Intermediates.noindex/ArchiveIntermediates/App/IntermediateBuildFilesPath/UninstalledProducts/iphoneos/CapApp_SPM.appintents --target-triple arm64-apple-ios15.0 --binary-file /Users/shinnomika/Library/Developer/Xcode/DerivedData/App-ddycufmknjnqjpapxysqwvuelnli/Build/Intermediates.noindex/ArchiveIntermediates/App/IntermediateBuildFilesPath/UninstalledProducts/iphoneos/CapApp-SPM.o --dependency-file /Users/shinnomika/Library/Developer/Xcode/DerivedData/App-ddycufmknjnqjpapxysqwvuelnli/Build/Intermediates.noindex/ArchiveIntermediates/App/IntermediateBuildFilesPath/CapApp-SPM.build/Release-iphoneos/CapApp-SPM.build/Objects-normal/arm64/CapApp-SPM_dependency_info.dat --stringsdata-file /Users/shinnomika/Library/Developer/Xcode/DerivedData/App-ddycufmknjnqjpapxysqwvuelnli/Build/Intermediates.noindex/ArchiveIntermediates/App/IntermediateBuildFilesPath/CapApp-SPM.build/Release-iphoneos/CapApp-SPM.build/Objects-normal/arm64/ExtractedAppShortcutsMetadata.stringsdata --source-file-list /Users/shinnomika/Library/Developer/Xcode/DerivedData/App-ddycufmknjnqjpapxysqwvuelnli/Build/Intermediates.noindex/ArchiveIntermediates/App/IntermediateBuildFilesPath/CapApp-SPM.build/Release-iphoneos/CapApp-SPM.build/Objects-normal/arm64/CapApp-SPM.SwiftFileList --metadata-file-list /Users/shinnomika/Library/Developer/Xcode/DerivedData/App-ddycufmknjnqjpapxysqwvuelnli/Build/Intermediates.noindex/ArchiveIntermediates/App/IntermediateBuildFilesPath/CapApp-SPM.build/Release-iphoneos/CapApp-SPM.build/CapApp-SPM.DependencyMetadataFileList --static-metadata-file-list /Users/shinnomika/Library/Developer/Xcode/DerivedData/App-ddycufmknjnqjpapxysqwvuelnli/Build/Intermediates.noindex/ArchiveIntermediates/App/IntermediateBuildFilesPath/CapApp-SPM.build/Release-iphoneos/CapApp-SPM.build/CapApp-SPM.DependencyStaticMetadataFileList --swift-const-vals-list /Users/shinnomika/Library/Developer/Xcode/DerivedData/App-ddycufmknjnqjpapxysqwvuelnli/Build/Intermediates.noindex/ArchiveIntermediates/App/IntermediateBuildFilesPath/CapApp-SPM.build/Release-iphoneos/CapApp-SPM.build/Objects-normal/arm64/CapApp-SPM.SwiftConstValuesFileList --force --compile-time-extraction --deployment-aware-processing --validate-assistant-intents --no-app-shortcuts-localization
2026-09-03 17:08:01.947 appintentsmetadataprocessor[54806:101654510] Starting appintentsmetadataprocessor export
2026-09-03 17:08:01.956 appintentsmetadataprocessor[54806:101654510] Extracted no relevant App Intents symbols, skipping writing output

SetOwnerAndGroup shinnomika:staff /Users/shinnomika/Library/Developer/Xcode/DerivedData/App-ddycufmknjnqjpapxysqwvuelnli/Build/Intermediates.noindex/ArchiveIntermediates/App/IntermediateBuildFilesPath/UninstalledProducts/iphoneos/CapApp-SPM.o (in target 'CapApp-SPM' from project 'CapApp-SPM')
    cd /Users/shinnomika/git/kondate-planner/native/ios/App/CapApp-SPM
    /usr/sbin/chown -RH shinnomika:staff /Users/shinnomika/Library/Developer/Xcode/DerivedData/App-ddycufmknjnqjpapxysqwvuelnli/Build/Intermediates.noindex/ArchiveIntermediates/App/IntermediateBuildFilesPath/UninstalledProducts/iphoneos/CapApp-SPM.o

SetMode u+w,go-w,a+rX /Users/shinnomika/Library/Developer/Xcode/DerivedData/App-ddycufmknjnqjpapxysqwvuelnli/Build/Intermediates.noindex/ArchiveIntermediates/App/IntermediateBuildFilesPath/UninstalledProducts/iphoneos/CapApp-SPM.o (in target 'CapApp-SPM' from project 'CapApp-SPM')
    cd /Users/shinnomika/git/kondate-planner/native/ios/App/CapApp-SPM
    /bin/chmod -RH u+w,go-w,a+rX /Users/shinnomika/Library/Developer/Xcode/DerivedData/App-ddycufmknjnqjpapxysqwvuelnli/Build/Intermediates.noindex/ArchiveIntermediates/App/IntermediateBuildFilesPath/UninstalledProducts/iphoneos/CapApp-SPM.o

RegisterExecutionPolicyException /Users/shinnomika/Library/Developer/Xcode/DerivedData/App-ddycufmknjnqjpapxysqwvuelnli/Build/Intermediates.noindex/ArchiveIntermediates/App/IntermediateBuildFilesPath/UninstalledProducts/iphoneos/CapApp-SPM.o (in target 'CapApp-SPM' from project 'CapApp-SPM')
    cd /Users/shinnomika/git/kondate-planner/native/ios/App/CapApp-SPM
    builtin-RegisterExecutionPolicyException /Users/shinnomika/Library/Developer/Xcode/DerivedData/App-ddycufmknjnqjpapxysqwvuelnli/Build/Intermediates.noindex/ArchiveIntermediates/App/IntermediateBuildFilesPath/UninstalledProducts/iphoneos/CapApp-SPM.o

CpResource /Users/shinnomika/Library/Developer/Xcode/DerivedData/App-ddycufmknjnqjpapxysqwvuelnli/Build/Intermediates.noindex/ArchiveIntermediates/App/InstallationBuildProductsLocation/Applications/App.app/public /Users/shinnomika/git/kondate-planner/native/ios/App/App/public (in target 'App' from project 'App')
    cd /Users/shinnomika/git/kondate-planner/native/ios/App
    builtin-copy -exclude .DS_Store -exclude CVS -exclude .svn -exclude .git -exclude .hg -resolve-src-symlinks /Users/shinnomika/git/kondate-planner/native/ios/App/App/public /Users/shinnomika/Library/Developer/Xcode/DerivedData/App-ddycufmknjnqjpapxysqwvuelnli/Build/Intermediates.noindex/ArchiveIntermediates/App/InstallationBuildProductsLocation/Applications/App.app

CpResource /Users/shinnomika/Library/Developer/Xcode/DerivedData/App-ddycufmknjnqjpapxysqwvuelnli/Build/Intermediates.noindex/ArchiveIntermediates/App/InstallationBuildProductsLocation/Applications/App.app/config.xml /Users/shinnomika/git/kondate-planner/native/ios/App/App/config.xml (in target 'App' from project 'App')
    cd /Users/shinnomika/git/kondate-planner/native/ios/App
    builtin-copy -exclude .DS_Store -exclude CVS -exclude .svn -exclude .git -exclude .hg -resolve-src-symlinks /Users/shinnomika/git/kondate-planner/native/ios/App/App/config.xml /Users/shinnomika/Library/Developer/Xcode/DerivedData/App-ddycufmknjnqjpapxysqwvuelnli/Build/Intermediates.noindex/ArchiveIntermediates/App/InstallationBuildProductsLocation/Applications/App.app

CpResource /Users/shinnomika/Library/Developer/Xcode/DerivedData/App-ddycufmknjnqjpapxysqwvuelnli/Build/Intermediates.noindex/ArchiveIntermediates/App/InstallationBuildProductsLocation/Applications/App.app/capacitor.config.json /Users/shinnomika/git/kondate-planner/native/ios/App/App/capacitor.config.json (in target 'App' from project 'App')
    cd /Users/shinnomika/git/kondate-planner/native/ios/App
    builtin-copy -exclude .DS_Store -exclude CVS -exclude .svn -exclude .git -exclude .hg -resolve-src-symlinks /Users/shinnomika/git/kondate-planner/native/ios/App/App/capacitor.config.json /Users/shinnomika/Library/Developer/Xcode/DerivedData/App-ddycufmknjnqjpapxysqwvuelnli/Build/Intermediates.noindex/ArchiveIntermediates/App/InstallationBuildProductsLocation/Applications/App.app

CompileStoryboard /Users/shinnomika/git/kondate-planner/native/ios/App/App/Base.lproj/Main.storyboard (in target 'App' from project 'App')
    cd /Users/shinnomika/git/kondate-planner/native/ios/App
    /Applications/Xcode.app/Contents/Developer/usr/bin/ibtool --errors --warnings --notices --module App --output-partial-info-plist /Users/shinnomika/Library/Developer/Xcode/DerivedData/App-ddycufmknjnqjpapxysqwvuelnli/Build/Intermediates.noindex/ArchiveIntermediates/App/IntermediateBuildFilesPath/App.build/Release-iphoneos/App.build/Base.lproj/Main-SBPartialInfo.plist --auto-activate-custom-fonts --target-device iphone --target-device ipad --minimum-deployment-target 15.0 --output-format human-readable-text /Users/shinnomika/git/kondate-planner/native/ios/App/App/Base.lproj/Main.storyboard --compilation-directory /Users/shinnomika/Library/Developer/Xcode/DerivedData/App-ddycufmknjnqjpapxysqwvuelnli/Build/Intermediates.noindex/ArchiveIntermediates/App/IntermediateBuildFilesPath/App.build/Release-iphoneos/App.build/Base.lproj

CompileStoryboard /Users/shinnomika/git/kondate-planner/native/ios/App/App/Base.lproj/LaunchScreen.storyboard (in target 'App' from project 'App')
    cd /Users/shinnomika/git/kondate-planner/native/ios/App
    /Applications/Xcode.app/Contents/Developer/usr/bin/ibtool --errors --warnings --notices --module App --output-partial-info-plist /Users/shinnomika/Library/Developer/Xcode/DerivedData/App-ddycufmknjnqjpapxysqwvuelnli/Build/Intermediates.noindex/ArchiveIntermediates/App/IntermediateBuildFilesPath/App.build/Release-iphoneos/App.build/Base.lproj/LaunchScreen-SBPartialInfo.plist --auto-activate-custom-fonts --target-device iphone --target-device ipad --minimum-deployment-target 15.0 --output-format human-readable-text /Users/shinnomika/git/kondate-planner/native/ios/App/App/Base.lproj/LaunchScreen.storyboard --compilation-directory /Users/shinnomika/Library/Developer/Xcode/DerivedData/App-ddycufmknjnqjpapxysqwvuelnli/Build/Intermediates.noindex/ArchiveIntermediates/App/IntermediateBuildFilesPath/App.build/Release-iphoneos/App.build/Base.lproj

Copy /Users/shinnomika/Library/Developer/Xcode/DerivedData/App-ddycufmknjnqjpapxysqwvuelnli/Build/Intermediates.noindex/ArchiveIntermediates/App/InstallationBuildProductsLocation/Applications/App.app/Frameworks/Capacitor.framework /Users/shinnomika/Library/Developer/Xcode/DerivedData/App-ddycufmknjnqjpapxysqwvuelnli/SourcePackages/artifacts/capacitor-swift-pm/Capacitor/Capacitor.xcframework/ios-arm64/Capacitor.framework (in target 'App' from project 'App')
    cd /Users/shinnomika/git/kondate-planner/native/ios/App
    builtin-copy -exclude .DS_Store -exclude CVS -exclude .svn -exclude .git -exclude .hg -exclude Headers -exclude PrivateHeaders -exclude Modules -exclude \*.tbd -bitcode-strip all -bitcode-strip-tool /Applications/Xcode.app/Contents/Developer/Toolchains/XcodeDefault.xctoolchain/usr/bin/bitcode_strip -resolve-src-symlinks -remove-static-executable /Users/shinnomika/Library/Developer/Xcode/DerivedData/App-ddycufmknjnqjpapxysqwvuelnli/SourcePackages/artifacts/capacitor-swift-pm/Capacitor/Capacitor.xcframework/ios-arm64/Capacitor.framework /Users/shinnomika/Library/Developer/Xcode/DerivedData/App-ddycufmknjnqjpapxysqwvuelnli/Build/Intermediates.noindex/ArchiveIntermediates/App/InstallationBuildProductsLocation/Applications/App.app/Frameworks
/Applications/Xcode.app/Contents/Developer/Toolchains/XcodeDefault.xctoolchain/usr/bin/bitcode_strip /Users/shinnomika/Library/Developer/Xcode/DerivedData/App-ddycufmknjnqjpapxysqwvuelnli/SourcePackages/artifacts/capacitor-swift-pm/Capacitor/Capacitor.xcframework/ios-arm64/Capacitor.framework/Capacitor -r -o /Users/shinnomika/Library/Developer/Xcode/DerivedData/App-ddycufmknjnqjpapxysqwvuelnli/Build/Intermediates.noindex/ArchiveIntermediates/App/InstallationBuildProductsLocation/Applications/App.app/Frameworks/Capacitor.framework/Capacitor

Copy /Users/shinnomika/Library/Developer/Xcode/DerivedData/App-ddycufmknjnqjpapxysqwvuelnli/Build/Intermediates.noindex/ArchiveIntermediates/App/InstallationBuildProductsLocation/Applications/App.app/Frameworks/Cordova.framework /Users/shinnomika/Library/Developer/Xcode/DerivedData/App-ddycufmknjnqjpapxysqwvuelnli/SourcePackages/artifacts/capacitor-swift-pm/Cordova/Cordova.xcframework/ios-arm64/Cordova.framework (in target 'App' from project 'App')
    cd /Users/shinnomika/git/kondate-planner/native/ios/App
    builtin-copy -exclude .DS_Store -exclude CVS -exclude .svn -exclude .git -exclude .hg -exclude Headers -exclude PrivateHeaders -exclude Modules -exclude \*.tbd -bitcode-strip all -bitcode-strip-tool /Applications/Xcode.app/Contents/Developer/Toolchains/XcodeDefault.xctoolchain/usr/bin/bitcode_strip -resolve-src-symlinks -remove-static-executable /Users/shinnomika/Library/Developer/Xcode/DerivedData/App-ddycufmknjnqjpapxysqwvuelnli/SourcePackages/artifacts/capacitor-swift-pm/Cordova/Cordova.xcframework/ios-arm64/Cordova.framework /Users/shinnomika/Library/Developer/Xcode/DerivedData/App-ddycufmknjnqjpapxysqwvuelnli/Build/Intermediates.noindex/ArchiveIntermediates/App/InstallationBuildProductsLocation/Applications/App.app/Frameworks
/Applications/Xcode.app/Contents/Developer/Toolchains/XcodeDefault.xctoolchain/usr/bin/bitcode_strip /Users/shinnomika/Library/Developer/Xcode/DerivedData/App-ddycufmknjnqjpapxysqwvuelnli/SourcePackages/artifacts/capacitor-swift-pm/Cordova/Cordova.xcframework/ios-arm64/Cordova.framework/Cordova -r -o /Users/shinnomika/Library/Developer/Xcode/DerivedData/App-ddycufmknjnqjpapxysqwvuelnli/Build/Intermediates.noindex/ArchiveIntermediates/App/InstallationBuildProductsLocation/Applications/App.app/Frameworks/Cordova.framework/Cordova

CodeSign /Users/shinnomika/Library/Developer/Xcode/DerivedData/App-ddycufmknjnqjpapxysqwvuelnli/Build/Intermediates.noindex/ArchiveIntermediates/App/InstallationBuildProductsLocation/Applications/App.app/Frameworks/Cordova.framework (in target 'App' from project 'App')
    cd /Users/shinnomika/git/kondate-planner/native/ios/App
    
    Signing Identity:     "Apple Development: MIKA SHINNO (NQY6KAM2LC)"
    Provisioning Profile: "iOS Team Provisioning Profile: *"
                          (03c2e1fb-006c-409a-99e8-524ca45918d5)
    
    /usr/bin/codesign --force --sign 42A1D3EFB316A472EDCA3270F550EE227BB47B66 --preserve-metadata\=identifier,entitlements,flags --generate-entitlement-der /Users/shinnomika/Library/Developer/Xcode/DerivedData/App-ddycufmknjnqjpapxysqwvuelnli/Build/Intermediates.noindex/ArchiveIntermediates/App/InstallationBuildProductsLocation/Applications/App.app/Frameworks/Cordova.framework

CodeSign /Users/shinnomika/Library/Developer/Xcode/DerivedData/App-ddycufmknjnqjpapxysqwvuelnli/Build/Intermediates.noindex/ArchiveIntermediates/App/InstallationBuildProductsLocation/Applications/App.app/Frameworks/Capacitor.framework (in target 'App' from project 'App')
    cd /Users/shinnomika/git/kondate-planner/native/ios/App
    
    Signing Identity:     "Apple Development: MIKA SHINNO (NQY6KAM2LC)"
    Provisioning Profile: "iOS Team Provisioning Profile: *"
                          (03c2e1fb-006c-409a-99e8-524ca45918d5)
    
    /usr/bin/codesign --force --sign 42A1D3EFB316A472EDCA3270F550EE227BB47B66 --preserve-metadata\=identifier,entitlements,flags --generate-entitlement-der /Users/shinnomika/Library/Developer/Xcode/DerivedData/App-ddycufmknjnqjpapxysqwvuelnli/Build/Intermediates.noindex/ArchiveIntermediates/App/InstallationBuildProductsLocation/Applications/App.app/Frameworks/Capacitor.framework

SwiftDriver\ Compilation App normal arm64 com.apple.xcode.tools.swift.compiler (in target 'App' from project 'App')
    cd /Users/shinnomika/git/kondate-planner/native/ios/App
    builtin-Swift-Compilation -- /Applications/Xcode.app/Contents/Developer/Toolchains/XcodeDefault.xctoolchain/usr/bin/swiftc -module-name App -O -whole-module-optimization @/Users/shinnomika/Library/Developer/Xcode/DerivedData/App-ddycufmknjnqjpapxysqwvuelnli/Build/Intermediates.noindex/ArchiveIntermediates/App/IntermediateBuildFilesPath/App.build/Release-iphoneos/App.build/Objects-normal/arm64/App.SwiftFileList -enable-bare-slash-regex -enable-experimental-feature DebugDescriptionMacro -sdk /Applications/Xcode.app/Contents/Developer/Platforms/iPhoneOS.platform/Developer/SDKs/iPhoneOS26.5.sdk -target arm64-apple-ios15.0 -g -module-cache-path /Users/shinnomika/Library/Developer/Xcode/DerivedData/ModuleCache.noindex -Xfrontend -serialize-debugging-options -swift-version 5 -I /Users/shinnomika/Library/Developer/Xcode/DerivedData/App-ddycufmknjnqjpapxysqwvuelnli/Build/Intermediates.noindex/ArchiveIntermediates/App/BuildProductsPath/Release-iphoneos -F /Users/shinnomika/Library/Developer/Xcode/DerivedData/App-ddycufmknjnqjpapxysqwvuelnli/Build/Intermediates.noindex/ArchiveIntermediates/App/BuildProductsPath/Release-iphoneos/PackageFrameworks -F /Users/shinnomika/Library/Developer/Xcode/DerivedData/App-ddycufmknjnqjpapxysqwvuelnli/Build/Intermediates.noindex/ArchiveIntermediates/App/BuildProductsPath/Release-iphoneos/PackageFrameworks -F /Users/shinnomika/Library/Developer/Xcode/DerivedData/App-ddycufmknjnqjpapxysqwvuelnli/Build/Intermediates.noindex/ArchiveIntermediates/App/BuildProductsPath/Release-iphoneos -c -num-threads 10 -Xcc -ivfsstatcache -Xcc /Users/shinnomika/Library/Developer/Xcode/DerivedData/SDKStatCaches.noindex/iphoneos26.5-23F81a-32daed1954a7d5dd0789fcaf2a9bb78b.sdkstatcache -output-file-map /Users/shinnomika/Library/Developer/Xcode/DerivedData/App-ddycufmknjnqjpapxysqwvuelnli/Build/Intermediates.noindex/ArchiveIntermediates/App/IntermediateBuildFilesPath/App.build/Release-iphoneos/App.build/Objects-normal/arm64/App-OutputFileMap.json -use-frontend-parseable-output -save-temps -no-color-diagnostics -explicit-module-build -module-cache-path /Users/shinnomika/Library/Developer/Xcode/DerivedData/App-ddycufmknjnqjpapxysqwvuelnli/Build/Intermediates.noindex/ArchiveIntermediates/App/IntermediateBuildFilesPath/SwiftExplicitPrecompiledModules -clang-scanner-module-cache-path /Users/shinnomika/Library/Developer/Xcode/DerivedData/ModuleCache.noindex -sdk-module-cache-path /Users/shinnomika/Library/Developer/Xcode/DerivedData/ModuleCache.noindex -serialize-diagnostics -emit-dependencies -emit-module -emit-module-path /Users/shinnomika/Library/Developer/Xcode/DerivedData/App-ddycufmknjnqjpapxysqwvuelnli/Build/Intermediates.noindex/ArchiveIntermediates/App/IntermediateBuildFilesPath/App.build/Release-iphoneos/App.build/Objects-normal/arm64/App.swiftmodule -validate-clang-modules-once -clang-build-session-file /Users/shinnomika/Library/Developer/Xcode/DerivedData/ModuleCache.noindex/Session.modulevalidation -Xcc -I/Users/shinnomika/Library/Developer/Xcode/DerivedData/App-ddycufmknjnqjpapxysqwvuelnli/Build/Intermediates.noindex/ArchiveIntermediates/App/IntermediateBuildFilesPath/App.build/Release-iphoneos/App.build/swift-overrides.hmap -emit-const-values -Xfrontend -const-gather-protocols-file -Xfrontend /Users/shinnomika/Library/Developer/Xcode/DerivedData/App-ddycufmknjnqjpapxysqwvuelnli/Build/Intermediates.noindex/ArchiveIntermediates/App/IntermediateBuildFilesPath/App.build/Release-iphoneos/App.build/Objects-normal/arm64/App_const_extract_protocols.json -Xcc -iquote -Xcc /Users/shinnomika/Library/Developer/Xcode/DerivedData/App-ddycufmknjnqjpapxysqwvuelnli/Build/Intermediates.noindex/ArchiveIntermediates/App/IntermediateBuildFilesPath/App.build/Release-iphoneos/App.build/App-generated-files.hmap -Xcc -I/Users/shinnomika/Library/Developer/Xcode/DerivedData/App-ddycufmknjnqjpapxysqwvuelnli/Build/Intermediates.noindex/ArchiveIntermediates/App/IntermediateBuildFilesPath/App.build/Release-iphoneos/App.build/App-own-target-headers.hmap -Xcc -I/Users/shinnomika/Library/Developer/Xcode/DerivedData/App-ddycufmknjnqjpapxysqwvuelnli/Build/Intermediates.noindex/ArchiveIntermediates/App/IntermediateBuildFilesPath/App.build/Release-iphoneos/App.build/App-all-non-framework-target-headers.hmap -Xcc -ivfsoverlay -Xcc /Users/shinnomika/Library/Developer/Xcode/DerivedData/App-ddycufmknjnqjpapxysqwvuelnli/Build/Intermediates.noindex/ArchiveIntermediates/App/IntermediateBuildFilesPath/App.build/Release-iphoneos/App-0ca3007d900a678c2b4d53418799ee3d-VFS-iphoneos/all-product-headers.yaml -Xcc -iquote -Xcc /Users/shinnomika/Library/Developer/Xcode/DerivedData/App-ddycufmknjnqjpapxysqwvuelnli/Build/Intermediates.noindex/ArchiveIntermediates/App/IntermediateBuildFilesPath/App.build/Release-iphoneos/App.build/App-project-headers.hmap -Xcc -I/Users/shinnomika/Library/Developer/Xcode/DerivedData/App-ddycufmknjnqjpapxysqwvuelnli/Build/Intermediates.noindex/ArchiveIntermediates/App/BuildProductsPath/Release-iphoneos/include -Xcc -I/Users/shinnomika/Library/Developer/Xcode/DerivedData/App-ddycufmknjnqjpapxysqwvuelnli/Build/Intermediates.noindex/ArchiveIntermediates/App/IntermediateBuildFilesPath/App.build/Release-iphoneos/App.build/DerivedSources-normal/arm64 -Xcc -I/Users/shinnomika/Library/Developer/Xcode/DerivedData/App-ddycufmknjnqjpapxysqwvuelnli/Build/Intermediates.noindex/ArchiveIntermediates/App/IntermediateBuildFilesPath/App.build/Release-iphoneos/App.build/DerivedSources/arm64 -Xcc -I/Users/shinnomika/Library/Developer/Xcode/DerivedData/App-ddycufmknjnqjpapxysqwvuelnli/Build/Intermediates.noindex/ArchiveIntermediates/App/IntermediateBuildFilesPath/App.build/Release-iphoneos/App.build/DerivedSources -emit-objc-header -emit-objc-header-path /Users/shinnomika/Library/Developer/Xcode/DerivedData/App-ddycufmknjnqjpapxysqwvuelnli/Build/Intermediates.noindex/ArchiveIntermediates/App/IntermediateBuildFilesPath/App.build/Release-iphoneos/App.build/Objects-normal/arm64/App-Swift.h -working-directory /Users/shinnomika/git/kondate-planner/native/ios/App -no-emit-module-separately-wmo

SwiftExplicitDependencyGeneratePcm arm64 /Users/shinnomika/Library/Developer/Xcode/DerivedData/App-ddycufmknjnqjpapxysqwvuelnli/Build/Intermediates.noindex/ArchiveIntermediates/App/IntermediateBuildFilesPath/SwiftExplicitPrecompiledModules/Cordova-301NGPZV2YRC9NDEJ7BOJU6Q4.pcm

SwiftExplicitDependencyGeneratePcm arm64 /Users/shinnomika/Library/Developer/Xcode/DerivedData/App-ddycufmknjnqjpapxysqwvuelnli/Build/Intermediates.noindex/ArchiveIntermediates/App/IntermediateBuildFilesPath/SwiftExplicitPrecompiledModules/Capacitor-DZ0HB546R9Q98IR8IZTAAQAKQ.pcm

SwiftExplicitDependencyCompileModuleFromInterface arm64 /Users/shinnomika/Library/Developer/Xcode/DerivedData/App-ddycufmknjnqjpapxysqwvuelnli/Build/Intermediates.noindex/ArchiveIntermediates/App/IntermediateBuildFilesPath/SwiftExplicitPrecompiledModules/Capacitor-237I5I9LW8XSF.swiftmodule

SwiftCompile normal arm64 Compiling\ AppDelegate.swift,\ GeneratedAssetSymbols.swift /Users/shinnomika/git/kondate-planner/native/ios/App/App/AppDelegate.swift /Users/shinnomika/Library/Developer/Xcode/DerivedData/App-ddycufmknjnqjpapxysqwvuelnli/Build/Intermediates.noindex/ArchiveIntermediates/App/IntermediateBuildFilesPath/App.build/Release-iphoneos/App.build/DerivedSources/GeneratedAssetSymbols.swift /Applications/Xcode.app/Contents/Developer/Toolchains/XcodeDefault.xctoolchain/usr/lib/swift/iphoneos/prebuilt-modules/26.5/SwiftUI.swiftmodule/arm64e-apple-ios.swiftmodule /Applications/Xcode.app/Contents/Developer/Toolchains/XcodeDefault.xctoolchain/usr/lib/swift/iphoneos/prebuilt-modules/26.5/Combine.swiftmodule/arm64e-apple-ios.swiftmodule /Applications/Xcode.app/Contents/Developer/Toolchains/XcodeDefault.xctoolchain/usr/lib/swift/iphoneos/prebuilt-modules/26.5/_DarwinFoundation3.swiftmodule/arm64e-apple-ios.swiftmodule /Applications/Xcode.app/Contents/Developer/Toolchains/XcodeDefault.xctoolchain/usr/lib/swift/iphoneos/prebuilt-modules/26.5/Dispatch.swiftmodule/arm64e-apple-ios.swiftmodule /Applications/Xcode.app/Contents/Developer/Toolchains/XcodeDefault.xctoolchain/usr/lib/swift/iphoneos/prebuilt-modules/26.5/XPC.swiftmodule/arm64e-apple-ios.swiftmodule /Applications/Xcode.app/Contents/Developer/Toolchains/XcodeDefault.xctoolchain/usr/lib/swift/iphoneos/prebuilt-modules/26.5/Metal.swiftmodule/arm64e-apple-ios.swiftmodule /Applications/Xcode.app/Contents/Developer/Toolchains/XcodeDefault.xctoolchain/usr/lib/swift/iphoneos/prebuilt-modules/26.5/Distributed.swiftmodule/arm64e-apple-ios.swiftmodule /Applications/Xcode.app/Contents/Developer/Toolchains/XcodeDefault.xctoolchain/usr/lib/swift/iphoneos/prebuilt-modules/26.5/Symbols.swiftmodule/arm64e-apple-ios.swiftmodule /Applications/Xcode.app/Contents/Developer/Toolchains/XcodeDefault.xctoolchain/usr/lib/swift/iphoneos/prebuilt-modules/26.5/Foundation.swiftmodule/arm64e-apple-ios.swiftmodule /Applications/Xcode.app/Contents/Developer/Toolchains/XcodeDefault.xctoolchain/usr/lib/swift/iphoneos/prebuilt-modules/26.5/System.swiftmodule/arm64e-apple-ios.swiftmodule /Users/shinnomika/Library/Developer/Xcode/DerivedData/App-ddycufmknjnqjpapxysqwvuelnli/Build/Intermediates.noindex/ArchiveIntermediates/App/IntermediateBuildFilesPath/SwiftExplicitPrecompiledModules/Capacitor-237I5I9LW8XSF.swiftmodule /Applications/Xcode.app/Contents/Developer/Toolchains/XcodeDefault.xctoolchain/usr/lib/swift/iphoneos/prebuilt-modules/26.5/QuartzCore.swiftmodule/arm64e-apple-ios.swiftmodule /Applications/Xcode.app/Contents/Developer/Toolchains/XcodeDefault.xctoolchain/usr/lib/swift/iphoneos/prebuilt-modules/26.5/CoreGraphics.swiftmodule/arm64e-apple-ios.swiftmodule /Applications/Xcode.app/Contents/Developer/Toolchains/XcodeDefault.xctoolchain/usr/lib/swift/iphoneos/prebuilt-modules/26.5/Observation.swiftmodule/arm64e-apple-ios.swiftmodule /Applications/Xcode.app/Contents/Developer/Toolchains/XcodeDefault.xctoolchain/usr/lib/swift/iphoneos/prebuilt-modules/26.5/Darwin.swiftmodule/arm64e-apple-ios.swiftmodule /Applications/Xcode.app/Contents/Developer/Toolchains/XcodeDefault.xctoolchain/usr/lib/swift/iphoneos/prebuilt-modules/26.5/FileProvider.swiftmodule/arm64e-apple-ios.swiftmodule /Applications/Xcode.app/Contents/Developer/Toolchains/XcodeDefault.xctoolchain/usr/lib/swift/iphoneos/prebuilt-modules/26.5/_Concurrency.swiftmodule/arm64e-apple-ios.swiftmodule /Applications/Xcode.app/Contents/Developer/Toolchains/XcodeDefault.xctoolchain/usr/lib/swift/iphoneos/prebuilt-modules/26.5/UniformTypeIdentifiers.swiftmodule/arm64e-apple-ios.swiftmodule /Applications/Xcode.app/Contents/Developer/Toolchains/XcodeDefault.xctoolchain/usr/lib/swift/iphoneos/prebuilt-modules/26.5/Network.swiftmodule/arm64e-apple-ios.swiftmodule /Applications/Xcode.app/Contents/Developer/Toolchains/XcodeDefault.xctoolchain/usr/lib/swift/iphoneos/prebuilt-modules/26.5/_StringProcessing.swiftmodule/arm64e-apple-ios.swiftmodule /Applications/Xcode.app/Contents/Developer/Toolchains/XcodeDefault.xctoolchain/usr/lib/swift/iphoneos/prebuilt-modules/26.5/OSLog.swiftmodule/arm64e-apple-ios.swiftmodule /Applications/Xcode.app/Contents/Developer/Toolchains/XcodeDefault.xctoolchain/usr/lib/swift/iphoneos/prebuilt-modules/26.5/WebKit.swiftmodule/arm64e-apple-ios.swiftmodule /Applications/Xcode.app/Contents/Developer/Toolchains/XcodeDefault.xctoolchain/usr/lib/swift/iphoneos/prebuilt-modules/26.5/DataDetection.swiftmodule/arm64e-apple-ios.swiftmodule /Applications/Xcode.app/Contents/Developer/Toolchains/XcodeDefault.xctoolchain/usr/lib/swift/iphoneos/prebuilt-modules/26.5/_DarwinFoundation2.swiftmodule/arm64e-apple-ios.swiftmodule /Applications/Xcode.app/Contents/Developer/Toolchains/XcodeDefault.xctoolchain/usr/lib/swift/iphoneos/prebuilt-modules/26.5/Swift.swiftmodule/arm64e-apple-ios.swiftmodule /Applications/Xcode.app/Contents/Developer/Toolchains/XcodeDefault.xctoolchain/usr/lib/swift/iphoneos/prebuilt-modules/26.5/Accessibility.swiftmodule/arm64e-apple-ios.swiftmodule /Applications/Xcode.app/Contents/Developer/Toolchains/XcodeDefault.xctoolchain/usr/lib/swift/iphoneos/prebuilt-modules/26.5/Spatial.swiftmodule/arm64e-apple-ios.swiftmodule /Applications/Xcode.app/Contents/Developer/Toolchains/XcodeDefault.xctoolchain/usr/lib/swift/iphoneos/prebuilt-modules/26.5/CoreText.swiftmodule/arm64e-apple-ios.swiftmodule /Applications/Xcode.app/Contents/Developer/Toolchains/XcodeDefault.xctoolchain/usr/lib/swift/iphoneos/prebuilt-modules/26.5/os.swiftmodule/arm64e-apple-ios.swiftmodule /Applications/Xcode.app/Contents/Developer/Toolchains/XcodeDefault.xctoolchain/usr/lib/swift/iphoneos/prebuilt-modules/26.5/ObjectiveC.swiftmodule/arm64e-apple-ios.swiftmodule /Applications/Xcode.app/Contents/Developer/Toolchains/XcodeDefault.xctoolchain/usr/lib/swift/iphoneos/prebuilt-modules/26.5/simd.swiftmodule/arm64e-apple-ios.swiftmodule /Applications/Xcode.app/Contents/Developer/Toolchains/XcodeDefault.xctoolchain/usr/lib/swift/iphoneos/prebuilt-modules/26.5/CoreFoundation.swiftmodule/arm64e-apple-ios.swiftmodule /Applications/Xcode.app/Contents/Developer/Toolchains/XcodeDefault.xctoolchain/usr/lib/swift/iphoneos/prebuilt-modules/26.5/CoreImage.swiftmodule/arm64e-apple-ios.swiftmodule /Applications/Xcode.app/Contents/Developer/Toolchains/XcodeDefault.xctoolchain/usr/lib/swift/iphoneos/prebuilt-modules/26.5/_Builtin_float.swiftmodule/arm64e-apple-ios.swiftmodule /Applications/Xcode.app/Contents/Developer/Toolchains/XcodeDefault.xctoolchain/usr/lib/swift/iphoneos/prebuilt-modules/26.5/CoreData.swiftmodule/arm64e-apple-ios.swiftmodule /Applications/Xcode.app/Contents/Developer/Toolchains/XcodeDefault.xctoolchain/usr/lib/swift/iphoneos/prebuilt-modules/26.5/SwiftUICore.swiftmodule/arm64e-apple-ios.swiftmodule /Applications/Xcode.app/Contents/Developer/Toolchains/XcodeDefault.xctoolchain/usr/lib/swift/iphoneos/prebuilt-modules/26.5/_DarwinFoundation1.swiftmodule/arm64e-apple-ios.swiftmodule /Applications/Xcode.app/Contents/Developer/Toolchains/XcodeDefault.xctoolchain/usr/lib/swift/iphoneos/prebuilt-modules/26.5/DeveloperToolsSupport.swiftmodule/arm64e-apple-ios.swiftmodule /Applications/Xcode.app/Contents/Developer/Toolchains/XcodeDefault.xctoolchain/usr/lib/swift/iphoneos/prebuilt-modules/26.5/CoreVideo.swiftmodule/arm64e-apple-ios.swiftmodule /Applications/Xcode.app/Contents/Developer/Toolchains/XcodeDefault.xctoolchain/usr/lib/swift/iphoneos/prebuilt-modules/26.5/UIKit.swiftmodule/arm64e-apple-ios.swiftmodule /Applications/Xcode.app/Contents/Developer/Toolchains/XcodeDefault.xctoolchain/usr/lib/swift/iphoneos/prebuilt-modules/26.5/CoreTransferable.swiftmodule/arm64e-apple-ios.swiftmodule /Users/shinnomika/Library/Developer/Xcode/DerivedData/ModuleCache.noindex/_DarwinFoundation2-LX2EOSNYXDLB8N5I0PJXN9F6.pcm /Users/shinnomika/Library/Developer/Xcode/DerivedData/ModuleCache.noindex/CoreText-1EE8RPYUOBWN9FZQS0DRT7HN8.pcm /Users/shinnomika/Library/Developer/Xcode/DerivedData/ModuleCache.noindex/dnssd-CQL0WJAZ51QWPZBMICLDMBO1V.pcm /Users/shinnomika/Library/Developer/Xcode/DerivedData/ModuleCache.noindex/XPC-4B3XSCODRIA9Z5CACSOA22NJG.pcm /Users/shinnomika/Library/Developer/Xcode/DerivedData/ModuleCache.noindex/simd-17LOEYEXDS8GE5ITWWILT6ZS5.pcm /Users/shinnomika/Library/Developer/Xcode/DerivedData/ModuleCache.noindex/CoreGraphics-ENF5V4YMW7ECTX2U94UQFH033.pcm /Users/shinnomika/Library/Developer/Xcode/DerivedData/ModuleCache.noindex/_Builtin_inttypes-F5EX8W6S82M97JOBS6D0VFT1U.pcm /Users/shinnomika/Library/Developer/Xcode/DerivedData/ModuleCache.noindex/WebKit-A1D6D1TCVDNU1ZI4I7H3EKNV8.pcm /Users/shinnomika/Library/Developer/Xcode/DerivedData/ModuleCache.noindex/UIUtilities-AXAP69B8LHOWI2P1MM84W12C.pcm /Users/shinnomika/Library/Developer/Xcode/DerivedData/ModuleCache.noindex/_Builtin_float-4TE53UD0Y9XRWGN8G9Q4IYEQ7.pcm /Users/shinnomika/Library/Developer/Xcode/DerivedData/ModuleCache.noindex/Accessibility-9XYCZPJ0HGJKWIFIKPNC59VI0.pcm /Users/shinnomika/Library/Developer/Xcode/DerivedData/ModuleCache.noindex/OpenGLES-7HXTHA5S2RDV8NF542XGI5FS2.pcm /Users/shinnomika/Library/Developer/Xcode/DerivedData/ModuleCache.noindex/os_object-AFSH04XMZYL1Q5DB1B2RDD42W.pcm /Users/shinnomika/Library/Developer/Xcode/DerivedData/ModuleCache.noindex/_Builtin_stddef-9NAMTVW477EDCWASMC0SHL3JE.pcm /Users/shinnomika/Library/Developer/Xcode/DerivedData/ModuleCache.noindex/_DarwinFoundation3-4B5R6WHSXL96G318WRGEIDXKX.pcm /Users/shinnomika/Library/Developer/Xcode/DerivedData/ModuleCache.noindex/QuartzCore-3703TBEI8DNOTCNWWN3B49EQF.pcm /Users/shinnomika/Library/Developer/Xcode/DerivedData/ModuleCache.noindex/ptrauth-8ELOGHQVOGPCJ547F31G1EJ71.pcm /Users/shinnomika/Library/Developer/Xcode/DerivedData/ModuleCache.noindex/ImageIO-8FV8D5T8T4QH8H8OY8W9299KC.pcm /Users/shinnomika/Library/Developer/Xcode/DerivedData/ModuleCache.noindex/_SwiftConcurrencyShims-APAYPETYNTYBV96HO15YBEG5J.pcm /Users/shinnomika/Library/Developer/Xcode/DerivedData/ModuleCache.noindex/Metal-9YDJGAVHWG81T4UA8OJNQJDCG.pcm /Users/shinnomika/Library/Developer/Xcode/DerivedData/ModuleCache.noindex/_Builtin_tgmath-EMYVINVN9UMUKCI78EOJ0HDYY.pcm /Users/shinnomika/Library/Developer/Xcode/DerivedData/ModuleCache.noindex/CoreData-4F3X3CYHVKBT4ZVLWCON26BVJ.pcm /Users/shinnomika/Library/Developer/Xcode/DerivedData/ModuleCache.noindex/_Builtin_intrinsics-7ESKU3E971MQ9AKOCPVAM444H.pcm /Users/shinnomika/Library/Developer/Xcode/DerivedData/ModuleCache.noindex/CoreImage-EVXUJUC7QR69G2241SJM8VWZU.pcm /Users/shinnomika/Library/Developer/Xcode/DerivedData/ModuleCache.noindex/MachO-1Z6R63DI5441WE48STOPMDM74.pcm /Users/shinnomika/Library/Developer/Xcode/DerivedData/ModuleCache.noindex/DataDetection-2VGPKE1378CVN2H1STIXMY65M.pcm /Users/shinnomika/Library/Developer/Xcode/DerivedData/ModuleCache.noindex/_Builtin_stdint-CDTYQT5TF6YJRH8ICCG8L6HWS.pcm /Users/shinnomika/Library/Developer/Xcode/DerivedData/ModuleCache.noindex/IOSurface-7BQZHO28XHG3GWYRDCHNB4D3J.pcm /Users/shinnomika/Library/Developer/Xcode/DerivedData/ModuleCache.noindex/UIKit-C1WW4N1F4JGBP8EJCXGE0EA97.pcm /Users/shinnomika/Library/Developer/Xcode/DerivedData/ModuleCache.noindex/sys_types-3JZPB2QH6TKVVM5E8YH4UJRS4.pcm /Users/shinnomika/Library/Developer/Xcode/DerivedData/ModuleCache.noindex/SwiftUI-C5W4TJY8X1YLW3OJ7BZ73E9Z6.pcm /Users/shinnomika/Library/Developer/Xcode/DerivedData/ModuleCache.noindex/Spatial-A012MJW0VS1PN5JRNYKMU0BQZ.pcm /Users/shinnomika/Library/Developer/Xcode/DerivedData/ModuleCache.noindex/CoreTransferable-2U7F0W5MJAIH76BKGH2EJ4E1U.pcm /Users/shinnomika/Library/Developer/Xcode/DerivedData/ModuleCache.noindex/UniformTypeIdentifiers-561OCS4B9O0OIN1A2KY5O9TG1.pcm /Users/shinnomika/Library/Developer/Xcode/DerivedData/ModuleCache.noindex/_Builtin_stdatomic-9KE7UNAKVAH2WY67VR9GJ380S.pcm /Users/shinnomika/Library/Developer/Xcode/DerivedData/ModuleCache.noindex/Dispatch-4ODZB7T8K5UMVY1BRVCM9SIKE.pcm /Users/shinnomika/Library/Developer/Xcode/DerivedData/ModuleCache.noindex/_Builtin_limits-EXP8LYJP9DAZZB9OMUZPEEYXK.pcm /Users/shinnomika/Library/Developer/Xcode/DerivedData/ModuleCache.noindex/UserNotifications-7FSEOIOIXQI62U1Y3RTRLYYT6.pcm /Users/shinnomika/Library/Developer/Xcode/DerivedData/ModuleCache.noindex/_Builtin_stdarg-86LLSJYK93FXV7LBXY6VFP05G.pcm /Users/shinnomika/Library/Developer/Xcode/DerivedData/ModuleCache.noindex/os_workgroup-9AGKNEE4O5D4TZY3J38YLZGZQ.pcm /Users/shinnomika/Library/Developer/Xcode/DerivedData/ModuleCache.noindex/SwiftShims-8MS6JHS81BL3VR5F1RAKXKT7D.pcm /Users/shinnomika/Library/Developer/Xcode/DerivedData/ModuleCache.noindex/Darwin-VL3GSH0W36NO2MLAJZEOQT6D.pcm /Users/shinnomika/Library/Developer/Xcode/DerivedData/ModuleCache.noindex/FileProvider-EU9I7S7SHVR2VEOF80G3V44K1.pcm /Users/shinnomika/Library/Developer/Xcode/DerivedData/ModuleCache.noindex/ObjectiveC-C52PN0M51WZNZ2M5S7NNAD98U.pcm /Users/shinnomika/Library/Developer/Xcode/DerivedData/ModuleCache.noindex/_Builtin_stdbool-DC177K5J7RTVZ81SO6E200XY0.pcm /Users/shinnomika/Library/Developer/Xcode/DerivedData/ModuleCache.noindex/SwiftUICore-E7AR44D22GETJ3OCH1WDEVLEI.pcm /Users/shinnomika/Library/Developer/Xcode/DerivedData/ModuleCache.noindex/CoreVideo-D6BRWXRUHZYOUJIMKAG6K2NVK.pcm /Users/shinnomika/Library/Developer/Xcode/DerivedData/ModuleCache.noindex/ptrcheck-9NCVT1J1FUXV40G9HX2WHRCSD.pcm /Users/shinnomika/Library/Developer/Xcode/DerivedData/ModuleCache.noindex/Network-6FX0P3FU6SIYZMXYZ2RPYMO87.pcm /Users/shinnomika/Library/Developer/Xcode/DerivedData/ModuleCache.noindex/_DarwinFoundation1-8OZ8PMW7RAEEEZ8DLM1QFI7EJ.pcm /Users/shinnomika/Library/Developer/Xcode/DerivedData/ModuleCache.noindex/CoreFoundation-15ICJ6DHTFECPRXKJTO1RTV9I.pcm /Users/shinnomika/Library/Developer/Xcode/DerivedData/App-ddycufmknjnqjpapxysqwvuelnli/Build/Intermediates.noindex/ArchiveIntermediates/App/IntermediateBuildFilesPath/SwiftExplicitPrecompiledModules/Cordova-301NGPZV2YRC9NDEJ7BOJU6Q4.pcm /Users/shinnomika/Library/Developer/Xcode/DerivedData/ModuleCache.noindex/CFNetwork-7C1TFIQ60298V18BMHRBC6EW8.pcm /Users/shinnomika/Library/Developer/Xcode/DerivedData/ModuleCache.noindex/DeveloperToolsSupport-AQCDHCQ8FQRQJ6GPW4AHJBP8S.pcm /Users/shinnomika/Library/Developer/Xcode/DerivedData/ModuleCache.noindex/os-CVGRGBLQUD992MD80IWU6MLTL.pcm /Users/shinnomika/Library/Developer/Xcode/DerivedData/ModuleCache.noindex/_AvailabilityInternal-DHSQAF4VS56GQAVUF6L1EAOP0.pcm /Users/shinnomika/Library/Developer/Xcode/DerivedData/App-ddycufmknjnqjpapxysqwvuelnli/Build/Intermediates.noindex/ArchiveIntermediates/App/IntermediateBuildFilesPath/SwiftExplicitPrecompiledModules/Capacitor-DZ0HB546R9Q98IR8IZTAAQAKQ.pcm /Users/shinnomika/Library/Developer/Xcode/DerivedData/ModuleCache.noindex/CommonCrypto-DWJ5XLHJQTDI9PH6KY5W14RQH.pcm /Users/shinnomika/Library/Developer/Xcode/DerivedData/ModuleCache.noindex/Foundation-DRWE5NEECLFPM4L1LIYYRYO9K.pcm /Users/shinnomika/Library/Developer/Xcode/DerivedData/ModuleCache.noindex/Symbols-6MZ4M42Y4A2C6433KQRIFLBR8.pcm /Users/shinnomika/Library/Developer/Xcode/DerivedData/ModuleCache.noindex/OSLog-E0E07GZ872358CUSR5OJK8I6.pcm /Users/shinnomika/Library/Developer/Xcode/DerivedData/ModuleCache.noindex/Security-5ZY62LLFU7MHF9VTK4SA6V273.pcm /Users/shinnomika/Library/Developer/Xcode/DerivedData/App-ddycufmknjnqjpapxysqwvuelnli/Build/Intermediates.noindex/ArchiveIntermediates/App/IntermediateBuildFilesPath/App.build/Release-iphoneos/App.build/Objects-normal/arm64/App-dependencies-1.json (in target 'App' from project 'App')

CompileSwift normal arm64 (in target 'App' from project 'App')
    cd /Users/shinnomika/git/kondate-planner/native/ios/App
    

SwiftDriverJobDiscovery normal arm64 Compiling AppDelegate.swift, GeneratedAssetSymbols.swift (in target 'App' from project 'App')

SwiftDriver\ Compilation\ Requirements App normal arm64 com.apple.xcode.tools.swift.compiler (in target 'App' from project 'App')
    cd /Users/shinnomika/git/kondate-planner/native/ios/App
    builtin-Swift-Compilation-Requirements -- /Applications/Xcode.app/Contents/Developer/Toolchains/XcodeDefault.xctoolchain/usr/bin/swiftc -module-name App -O -whole-module-optimization @/Users/shinnomika/Library/Developer/Xcode/DerivedData/App-ddycufmknjnqjpapxysqwvuelnli/Build/Intermediates.noindex/ArchiveIntermediates/App/IntermediateBuildFilesPath/App.build/Release-iphoneos/App.build/Objects-normal/arm64/App.SwiftFileList -enable-bare-slash-regex -enable-experimental-feature DebugDescriptionMacro -sdk /Applications/Xcode.app/Contents/Developer/Platforms/iPhoneOS.platform/Developer/SDKs/iPhoneOS26.5.sdk -target arm64-apple-ios15.0 -g -module-cache-path /Users/shinnomika/Library/Developer/Xcode/DerivedData/ModuleCache.noindex -Xfrontend -serialize-debugging-options -swift-version 5 -I /Users/shinnomika/Library/Developer/Xcode/DerivedData/App-ddycufmknjnqjpapxysqwvuelnli/Build/Intermediates.noindex/ArchiveIntermediates/App/BuildProductsPath/Release-iphoneos -F /Users/shinnomika/Library/Developer/Xcode/DerivedData/App-ddycufmknjnqjpapxysqwvuelnli/Build/Intermediates.noindex/ArchiveIntermediates/App/BuildProductsPath/Release-iphoneos/PackageFrameworks -F /Users/shinnomika/Library/Developer/Xcode/DerivedData/App-ddycufmknjnqjpapxysqwvuelnli/Build/Intermediates.noindex/ArchiveIntermediates/App/BuildProductsPath/Release-iphoneos/PackageFrameworks -F /Users/shinnomika/Library/Developer/Xcode/DerivedData/App-ddycufmknjnqjpapxysqwvuelnli/Build/Intermediates.noindex/ArchiveIntermediates/App/BuildProductsPath/Release-iphoneos -c -num-threads 10 -Xcc -ivfsstatcache -Xcc /Users/shinnomika/Library/Developer/Xcode/DerivedData/SDKStatCaches.noindex/iphoneos26.5-23F81a-32daed1954a7d5dd0789fcaf2a9bb78b.sdkstatcache -output-file-map /Users/shinnomika/Library/Developer/Xcode/DerivedData/App-ddycufmknjnqjpapxysqwvuelnli/Build/Intermediates.noindex/ArchiveIntermediates/App/IntermediateBuildFilesPath/App.build/Release-iphoneos/App.build/Objects-normal/arm64/App-OutputFileMap.json -use-frontend-parseable-output -save-temps -no-color-diagnostics -explicit-module-build -module-cache-path /Users/shinnomika/Library/Developer/Xcode/DerivedData/App-ddycufmknjnqjpapxysqwvuelnli/Build/Intermediates.noindex/ArchiveIntermediates/App/IntermediateBuildFilesPath/SwiftExplicitPrecompiledModules -clang-scanner-module-cache-path /Users/shinnomika/Library/Developer/Xcode/DerivedData/ModuleCache.noindex -sdk-module-cache-path /Users/shinnomika/Library/Developer/Xcode/DerivedData/ModuleCache.noindex -serialize-diagnostics -emit-dependencies -emit-module -emit-module-path /Users/shinnomika/Library/Developer/Xcode/DerivedData/App-ddycufmknjnqjpapxysqwvuelnli/Build/Intermediates.noindex/ArchiveIntermediates/App/IntermediateBuildFilesPath/App.build/Release-iphoneos/App.build/Objects-normal/arm64/App.swiftmodule -validate-clang-modules-once -clang-build-session-file /Users/shinnomika/Library/Developer/Xcode/DerivedData/ModuleCache.noindex/Session.modulevalidation -Xcc -I/Users/shinnomika/Library/Developer/Xcode/DerivedData/App-ddycufmknjnqjpapxysqwvuelnli/Build/Intermediates.noindex/ArchiveIntermediates/App/IntermediateBuildFilesPath/App.build/Release-iphoneos/App.build/swift-overrides.hmap -emit-const-values -Xfrontend -const-gather-protocols-file -Xfrontend /Users/shinnomika/Library/Developer/Xcode/DerivedData/App-ddycufmknjnqjpapxysqwvuelnli/Build/Intermediates.noindex/ArchiveIntermediates/App/IntermediateBuildFilesPath/App.build/Release-iphoneos/App.build/Objects-normal/arm64/App_const_extract_protocols.json -Xcc -iquote -Xcc /Users/shinnomika/Library/Developer/Xcode/DerivedData/App-ddycufmknjnqjpapxysqwvuelnli/Build/Intermediates.noindex/ArchiveIntermediates/App/IntermediateBuildFilesPath/App.build/Release-iphoneos/App.build/App-generated-files.hmap -Xcc -I/Users/shinnomika/Library/Developer/Xcode/DerivedData/App-ddycufmknjnqjpapxysqwvuelnli/Build/Intermediates.noindex/ArchiveIntermediates/App/IntermediateBuildFilesPath/App.build/Release-iphoneos/App.build/App-own-target-headers.hmap -Xcc -I/Users/shinnomika/Library/Developer/Xcode/DerivedData/App-ddycufmknjnqjpapxysqwvuelnli/Build/Intermediates.noindex/ArchiveIntermediates/App/IntermediateBuildFilesPath/App.build/Release-iphoneos/App.build/App-all-non-framework-target-headers.hmap -Xcc -ivfsoverlay -Xcc /Users/shinnomika/Library/Developer/Xcode/DerivedData/App-ddycufmknjnqjpapxysqwvuelnli/Build/Intermediates.noindex/ArchiveIntermediates/App/IntermediateBuildFilesPath/App.build/Release-iphoneos/App-0ca3007d900a678c2b4d53418799ee3d-VFS-iphoneos/all-product-headers.yaml -Xcc -iquote -Xcc /Users/shinnomika/Library/Developer/Xcode/DerivedData/App-ddycufmknjnqjpapxysqwvuelnli/Build/Intermediates.noindex/ArchiveIntermediates/App/IntermediateBuildFilesPath/App.build/Release-iphoneos/App.build/App-project-headers.hmap -Xcc -I/Users/shinnomika/Library/Developer/Xcode/DerivedData/App-ddycufmknjnqjpapxysqwvuelnli/Build/Intermediates.noindex/ArchiveIntermediates/App/BuildProductsPath/Release-iphoneos/include -Xcc -I/Users/shinnomika/Library/Developer/Xcode/DerivedData/App-ddycufmknjnqjpapxysqwvuelnli/Build/Intermediates.noindex/ArchiveIntermediates/App/IntermediateBuildFilesPath/App.build/Release-iphoneos/App.build/DerivedSources-normal/arm64 -Xcc -I/Users/shinnomika/Library/Developer/Xcode/DerivedData/App-ddycufmknjnqjpapxysqwvuelnli/Build/Intermediates.noindex/ArchiveIntermediates/App/IntermediateBuildFilesPath/App.build/Release-iphoneos/App.build/DerivedSources/arm64 -Xcc -I/Users/shinnomika/Library/Developer/Xcode/DerivedData/App-ddycufmknjnqjpapxysqwvuelnli/Build/Intermediates.noindex/ArchiveIntermediates/App/IntermediateBuildFilesPath/App.build/Release-iphoneos/App.build/DerivedSources -emit-objc-header -emit-objc-header-path /Users/shinnomika/Library/Developer/Xcode/DerivedData/App-ddycufmknjnqjpapxysqwvuelnli/Build/Intermediates.noindex/ArchiveIntermediates/App/IntermediateBuildFilesPath/App.build/Release-iphoneos/App.build/Objects-normal/arm64/App-Swift.h -working-directory /Users/shinnomika/git/kondate-planner/native/ios/App -no-emit-module-separately-wmo

SwiftMergeGeneratedHeaders /Users/shinnomika/Library/Developer/Xcode/DerivedData/App-ddycufmknjnqjpapxysqwvuelnli/Build/Intermediates.noindex/ArchiveIntermediates/App/IntermediateBuildFilesPath/App.build/Release-iphoneos/App.build/DerivedSources/App-Swift.h /Users/shinnomika/Library/Developer/Xcode/DerivedData/App-ddycufmknjnqjpapxysqwvuelnli/Build/Intermediates.noindex/ArchiveIntermediates/App/IntermediateBuildFilesPath/App.build/Release-iphoneos/App.build/Objects-normal/arm64/App-Swift.h (in target 'App' from project 'App')
    cd /Users/shinnomika/git/kondate-planner/native/ios/App
    builtin-swiftHeaderTool -arch arm64 /Users/shinnomika/Library/Developer/Xcode/DerivedData/App-ddycufmknjnqjpapxysqwvuelnli/Build/Intermediates.noindex/ArchiveIntermediates/App/IntermediateBuildFilesPath/App.build/Release-iphoneos/App.build/Objects-normal/arm64/App-Swift.h -o /Users/shinnomika/Library/Developer/Xcode/DerivedData/App-ddycufmknjnqjpapxysqwvuelnli/Build/Intermediates.noindex/ArchiveIntermediates/App/IntermediateBuildFilesPath/App.build/Release-iphoneos/App.build/DerivedSources/App-Swift.h

Copy /Users/shinnomika/Library/Developer/Xcode/DerivedData/App-ddycufmknjnqjpapxysqwvuelnli/Build/Intermediates.noindex/ArchiveIntermediates/App/BuildProductsPath/Release-iphoneos/App.swiftmodule/arm64-apple-ios.swiftdoc /Users/shinnomika/Library/Developer/Xcode/DerivedData/App-ddycufmknjnqjpapxysqwvuelnli/Build/Intermediates.noindex/ArchiveIntermediates/App/IntermediateBuildFilesPath/App.build/Release-iphoneos/App.build/Objects-normal/arm64/App.swiftdoc (in target 'App' from project 'App')
    cd /Users/shinnomika/git/kondate-planner/native/ios/App
    builtin-copy -exclude .DS_Store -exclude CVS -exclude .svn -exclude .git -exclude .hg -resolve-src-symlinks -rename /Users/shinnomika/Library/Developer/Xcode/DerivedData/App-ddycufmknjnqjpapxysqwvuelnli/Build/Intermediates.noindex/ArchiveIntermediates/App/IntermediateBuildFilesPath/App.build/Release-iphoneos/App.build/Objects-normal/arm64/App.swiftdoc /Users/shinnomika/Library/Developer/Xcode/DerivedData/App-ddycufmknjnqjpapxysqwvuelnli/Build/Intermediates.noindex/ArchiveIntermediates/App/BuildProductsPath/Release-iphoneos/App.swiftmodule/arm64-apple-ios.swiftdoc

Copy /Users/shinnomika/Library/Developer/Xcode/DerivedData/App-ddycufmknjnqjpapxysqwvuelnli/Build/Intermediates.noindex/ArchiveIntermediates/App/BuildProductsPath/Release-iphoneos/App.swiftmodule/arm64-apple-ios.swiftmodule /Users/shinnomika/Library/Developer/Xcode/DerivedData/App-ddycufmknjnqjpapxysqwvuelnli/Build/Intermediates.noindex/ArchiveIntermediates/App/IntermediateBuildFilesPath/App.build/Release-iphoneos/App.build/Objects-normal/arm64/App.swiftmodule (in target 'App' from project 'App')
    cd /Users/shinnomika/git/kondate-planner/native/ios/App
    builtin-copy -exclude .DS_Store -exclude CVS -exclude .svn -exclude .git -exclude .hg -resolve-src-symlinks -rename /Users/shinnomika/Library/Developer/Xcode/DerivedData/App-ddycufmknjnqjpapxysqwvuelnli/Build/Intermediates.noindex/ArchiveIntermediates/App/IntermediateBuildFilesPath/App.build/Release-iphoneos/App.build/Objects-normal/arm64/App.swiftmodule /Users/shinnomika/Library/Developer/Xcode/DerivedData/App-ddycufmknjnqjpapxysqwvuelnli/Build/Intermediates.noindex/ArchiveIntermediates/App/BuildProductsPath/Release-iphoneos/App.swiftmodule/arm64-apple-ios.swiftmodule

Copy /Users/shinnomika/Library/Developer/Xcode/DerivedData/App-ddycufmknjnqjpapxysqwvuelnli/Build/Intermediates.noindex/ArchiveIntermediates/App/BuildProductsPath/Release-iphoneos/App.swiftmodule/arm64-apple-ios.abi.json /Users/shinnomika/Library/Developer/Xcode/DerivedData/App-ddycufmknjnqjpapxysqwvuelnli/Build/Intermediates.noindex/ArchiveIntermediates/App/IntermediateBuildFilesPath/App.build/Release-iphoneos/App.build/Objects-normal/arm64/App.abi.json (in target 'App' from project 'App')
    cd /Users/shinnomika/git/kondate-planner/native/ios/App
    builtin-copy -exclude .DS_Store -exclude CVS -exclude .svn -exclude .git -exclude .hg -resolve-src-symlinks -rename /Users/shinnomika/Library/Developer/Xcode/DerivedData/App-ddycufmknjnqjpapxysqwvuelnli/Build/Intermediates.noindex/ArchiveIntermediates/App/IntermediateBuildFilesPath/App.build/Release-iphoneos/App.build/Objects-normal/arm64/App.abi.json /Users/shinnomika/Library/Developer/Xcode/DerivedData/App-ddycufmknjnqjpapxysqwvuelnli/Build/Intermediates.noindex/ArchiveIntermediates/App/BuildProductsPath/Release-iphoneos/App.swiftmodule/arm64-apple-ios.abi.json

Ld /Users/shinnomika/Library/Developer/Xcode/DerivedData/App-ddycufmknjnqjpapxysqwvuelnli/Build/Intermediates.noindex/ArchiveIntermediates/App/InstallationBuildProductsLocation/Applications/App.app/App normal (in target 'App' from project 'App')
    cd /Users/shinnomika/git/kondate-planner/native/ios/App
    /Applications/Xcode.app/Contents/Developer/Toolchains/XcodeDefault.xctoolchain/usr/bin/clang -Xlinker -reproducible -target arm64-apple-ios15.0 -isysroot /Applications/Xcode.app/Contents/Developer/Platforms/iPhoneOS.platform/Developer/SDKs/iPhoneOS26.5.sdk -Os -L/Users/shinnomika/Library/Developer/Xcode/DerivedData/App-ddycufmknjnqjpapxysqwvuelnli/Build/Intermediates.noindex/ArchiveIntermediates/App/IntermediateBuildFilesPath/EagerLinkingTBDs/Release-iphoneos -L/Users/shinnomika/Library/Developer/Xcode/DerivedData/App-ddycufmknjnqjpapxysqwvuelnli/Build/Intermediates.noindex/ArchiveIntermediates/App/BuildProductsPath/Release-iphoneos -F/Users/shinnomika/Library/Developer/Xcode/DerivedData/App-ddycufmknjnqjpapxysqwvuelnli/Build/Intermediates.noindex/ArchiveIntermediates/App/IntermediateBuildFilesPath/EagerLinkingTBDs/Release-iphoneos -F/Users/shinnomika/Library/Developer/Xcode/DerivedData/App-ddycufmknjnqjpapxysqwvuelnli/Build/Intermediates.noindex/ArchiveIntermediates/App/BuildProductsPath/Release-iphoneos/PackageFrameworks -F/Users/shinnomika/Library/Developer/Xcode/DerivedData/App-ddycufmknjnqjpapxysqwvuelnli/Build/Intermediates.noindex/ArchiveIntermediates/App/BuildProductsPath/Release-iphoneos/PackageFrameworks -F/Users/shinnomika/Library/Developer/Xcode/DerivedData/App-ddycufmknjnqjpapxysqwvuelnli/Build/Intermediates.noindex/ArchiveIntermediates/App/BuildProductsPath/Release-iphoneos -filelist /Users/shinnomika/Library/Developer/Xcode/DerivedData/App-ddycufmknjnqjpapxysqwvuelnli/Build/Intermediates.noindex/ArchiveIntermediates/App/IntermediateBuildFilesPath/App.build/Release-iphoneos/App.build/Objects-normal/arm64/App.LinkFileList -Xlinker -rpath -Xlinker /usr/lib/swift -Xlinker -rpath -Xlinker @executable_path/Frameworks -Xlinker -dead_strip -Xlinker -object_path_lto -Xlinker /Users/shinnomika/Library/Developer/Xcode/DerivedData/App-ddycufmknjnqjpapxysqwvuelnli/Build/Intermediates.noindex/ArchiveIntermediates/App/IntermediateBuildFilesPath/App.build/Release-iphoneos/App.build/Objects-normal/arm64/App_lto.o -Xlinker -final_output -Xlinker /Applications/App.app/App -Xlinker -dependency_info -Xlinker /Users/shinnomika/Library/Developer/Xcode/DerivedData/App-ddycufmknjnqjpapxysqwvuelnli/Build/Intermediates.noindex/ArchiveIntermediates/App/IntermediateBuildFilesPath/App.build/Release-iphoneos/App.build/Objects-normal/arm64/App_dependency_info.dat -fobjc-link-runtime -L/Applications/Xcode.app/Contents/Developer/Toolchains/XcodeDefault.xctoolchain/usr/lib/swift/iphoneos -L/usr/lib/swift -Xlinker -add_ast_path -Xlinker /Users/shinnomika/Library/Developer/Xcode/DerivedData/App-ddycufmknjnqjpapxysqwvuelnli/Build/Intermediates.noindex/ArchiveIntermediates/App/IntermediateBuildFilesPath/App.build/Release-iphoneos/App.build/Objects-normal/arm64/App.swiftmodule @/Users/shinnomika/Library/Developer/Xcode/DerivedData/App-ddycufmknjnqjpapxysqwvuelnli/Build/Intermediates.noindex/ArchiveIntermediates/App/IntermediateBuildFilesPath/App.build/Release-iphoneos/App.build/Objects-normal/arm64/App-linker-args.resp -Wl,-no_warn_duplicate_libraries -Wl,-no_warn_duplicate_libraries -framework Capacitor -framework Capacitor -framework Cordova -framework Cordova -framework Capacitor -framework Cordova -Xlinker -no_adhoc_codesign -o /Users/shinnomika/Library/Developer/Xcode/DerivedData/App-ddycufmknjnqjpapxysqwvuelnli/Build/Intermediates.noindex/ArchiveIntermediates/App/InstallationBuildProductsLocation/Applications/App.app/App -Xlinker -add_ast_path -Xlinker /Users/shinnomika/Library/Developer/Xcode/DerivedData/App-ddycufmknjnqjpapxysqwvuelnli/Build/Intermediates.noindex/ArchiveIntermediates/App/IntermediateBuildFilesPath/CapApp-SPM.build/Release-iphoneos/CapApp-SPM.build/Objects-normal/arm64/CapApp_SPM.swiftmodule @/Users/shinnomika/Library/Developer/Xcode/DerivedData/App-ddycufmknjnqjpapxysqwvuelnli/Build/Intermediates.noindex/ArchiveIntermediates/App/IntermediateBuildFilesPath/CapApp-SPM.build/Release-iphoneos/CapApp-SPM.build/Objects-normal/arm64/CapApp_SPM-linker-args.resp -Xlinker -add_ast_path -Xlinker /Users/shinnomika/Library/Developer/Xcode/DerivedData/App-ddycufmknjnqjpapxysqwvuelnli/Build/Intermediates.noindex/ArchiveIntermediates/App/IntermediateBuildFilesPath/CapacitorLocalNotifications.build/Release-iphoneos/LocalNotificationsPlugin.build/Objects-normal/arm64/LocalNotificationsPlugin.swiftmodule @/Users/shinnomika/Library/Developer/Xcode/DerivedData/App-ddycufmknjnqjpapxysqwvuelnli/Build/Intermediates.noindex/ArchiveIntermediates/App/IntermediateBuildFilesPath/CapacitorLocalNotifications.build/Release-iphoneos/LocalNotificationsPlugin.build/Objects-normal/arm64/LocalNotificationsPlugin-linker-args.resp

LinkStoryboards (in target 'App' from project 'App')
    cd /Users/shinnomika/git/kondate-planner/native/ios/App
    /Applications/Xcode.app/Contents/Developer/usr/bin/ibtool --errors --warnings --notices --module App --target-device iphone --target-device ipad --minimum-deployment-target 15.0 --output-format human-readable-text --link /Users/shinnomika/Library/Developer/Xcode/DerivedData/App-ddycufmknjnqjpapxysqwvuelnli/Build/Intermediates.noindex/ArchiveIntermediates/App/InstallationBuildProductsLocation/Applications/App.app /Users/shinnomika/Library/Developer/Xcode/DerivedData/App-ddycufmknjnqjpapxysqwvuelnli/Build/Intermediates.noindex/ArchiveIntermediates/App/IntermediateBuildFilesPath/App.build/Release-iphoneos/App.build/Base.lproj/LaunchScreen.storyboardc /Users/shinnomika/Library/Developer/Xcode/DerivedData/App-ddycufmknjnqjpapxysqwvuelnli/Build/Intermediates.noindex/ArchiveIntermediates/App/IntermediateBuildFilesPath/App.build/Release-iphoneos/App.build/Base.lproj/Main.storyboardc

LinkAssetCatalog /Users/shinnomika/git/kondate-planner/native/ios/App/App/Assets.xcassets (in target 'App' from project 'App')
    cd /Users/shinnomika/git/kondate-planner/native/ios/App
    builtin-linkAssetCatalog --thinned /Users/shinnomika/Library/Developer/Xcode/DerivedData/App-ddycufmknjnqjpapxysqwvuelnli/Build/Intermediates.noindex/ArchiveIntermediates/App/IntermediateBuildFilesPath/App.build/Release-iphoneos/App.build/assetcatalog_output/thinned --thinned-dependencies /Users/shinnomika/Library/Developer/Xcode/DerivedData/App-ddycufmknjnqjpapxysqwvuelnli/Build/Intermediates.noindex/ArchiveIntermediates/App/IntermediateBuildFilesPath/App.build/Release-iphoneos/App.build/assetcatalog_dependencies_thinned --thinned-info-plist-content /Users/shinnomika/Library/Developer/Xcode/DerivedData/App-ddycufmknjnqjpapxysqwvuelnli/Build/Intermediates.noindex/ArchiveIntermediates/App/IntermediateBuildFilesPath/App.build/Release-iphoneos/App.build/assetcatalog_generated_info.plist_thinned --unthinned /Users/shinnomika/Library/Developer/Xcode/DerivedData/App-ddycufmknjnqjpapxysqwvuelnli/Build/Intermediates.noindex/ArchiveIntermediates/App/IntermediateBuildFilesPath/App.build/Release-iphoneos/App.build/assetcatalog_output/unthinned --unthinned-dependencies /Users/shinnomika/Library/Developer/Xcode/DerivedData/App-ddycufmknjnqjpapxysqwvuelnli/Build/Intermediates.noindex/ArchiveIntermediates/App/IntermediateBuildFilesPath/App.build/Release-iphoneos/App.build/assetcatalog_dependencies_unthinned --unthinned-info-plist-content /Users/shinnomika/Library/Developer/Xcode/DerivedData/App-ddycufmknjnqjpapxysqwvuelnli/Build/Intermediates.noindex/ArchiveIntermediates/App/IntermediateBuildFilesPath/App.build/Release-iphoneos/App.build/assetcatalog_generated_info.plist_unthinned --output /Users/shinnomika/Library/Developer/Xcode/DerivedData/App-ddycufmknjnqjpapxysqwvuelnli/Build/Intermediates.noindex/ArchiveIntermediates/App/InstallationBuildProductsLocation/Applications/App.app --plist-output /Users/shinnomika/Library/Developer/Xcode/DerivedData/App-ddycufmknjnqjpapxysqwvuelnli/Build/Intermediates.noindex/ArchiveIntermediates/App/IntermediateBuildFilesPath/App.build/Release-iphoneos/App.build/assetcatalog_generated_info.plist
note: Emplaced /Users/shinnomika/Library/Developer/Xcode/DerivedData/App-ddycufmknjnqjpapxysqwvuelnli/Build/Intermediates.noindex/ArchiveIntermediates/App/InstallationBuildProductsLocation/Applications/App.app/Assets.car (in target 'App' from project 'App')
note: Emplaced /Users/shinnomika/Library/Developer/Xcode/DerivedData/App-ddycufmknjnqjpapxysqwvuelnli/Build/Intermediates.noindex/ArchiveIntermediates/App/InstallationBuildProductsLocation/Applications/App.app/AppIcon76x76@2x~ipad.png (in target 'App' from project 'App')
note: Emplaced /Users/shinnomika/Library/Developer/Xcode/DerivedData/App-ddycufmknjnqjpapxysqwvuelnli/Build/Intermediates.noindex/ArchiveIntermediates/App/InstallationBuildProductsLocation/Applications/App.app/AppIcon60x60@2x.png (in target 'App' from project 'App')

ProcessInfoPlistFile /Users/shinnomika/Library/Developer/Xcode/DerivedData/App-ddycufmknjnqjpapxysqwvuelnli/Build/Intermediates.noindex/ArchiveIntermediates/App/InstallationBuildProductsLocation/Applications/App.app/Info.plist /Users/shinnomika/git/kondate-planner/native/ios/App/App/Info.plist (in target 'App' from project 'App')
    cd /Users/shinnomika/git/kondate-planner/native/ios/App
    builtin-infoPlistUtility /Users/shinnomika/git/kondate-planner/native/ios/App/App/Info.plist -producttype com.apple.product-type.application -genpkginfo /Users/shinnomika/Library/Developer/Xcode/DerivedData/App-ddycufmknjnqjpapxysqwvuelnli/Build/Intermediates.noindex/ArchiveIntermediates/App/InstallationBuildProductsLocation/Applications/App.app/PkgInfo -expandbuildsettings -format binary -platform iphoneos -additionalcontentfile /Users/shinnomika/Library/Developer/Xcode/DerivedData/App-ddycufmknjnqjpapxysqwvuelnli/Build/Intermediates.noindex/ArchiveIntermediates/App/IntermediateBuildFilesPath/App.build/Release-iphoneos/App.build/Base.lproj/LaunchScreen-SBPartialInfo.plist -additionalcontentfile /Users/shinnomika/Library/Developer/Xcode/DerivedData/App-ddycufmknjnqjpapxysqwvuelnli/Build/Intermediates.noindex/ArchiveIntermediates/App/IntermediateBuildFilesPath/App.build/Release-iphoneos/App.build/Base.lproj/Main-SBPartialInfo.plist -additionalcontentfile /Users/shinnomika/Library/Developer/Xcode/DerivedData/App-ddycufmknjnqjpapxysqwvuelnli/Build/Intermediates.noindex/ArchiveIntermediates/App/IntermediateBuildFilesPath/App.build/Release-iphoneos/App.build/assetcatalog_generated_info.plist -scanforprivacyfile /Users/shinnomika/Library/Developer/Xcode/DerivedData/App-ddycufmknjnqjpapxysqwvuelnli/Build/Intermediates.noindex/ArchiveIntermediates/App/InstallationBuildProductsLocation/Applications/App.app/Frameworks/Capacitor.framework -scanforprivacyfile /Users/shinnomika/Library/Developer/Xcode/DerivedData/App-ddycufmknjnqjpapxysqwvuelnli/Build/Intermediates.noindex/ArchiveIntermediates/App/InstallationBuildProductsLocation/Applications/App.app/Frameworks/Cordova.framework -requiredArchitecture arm64 -o /Users/shinnomika/Library/Developer/Xcode/DerivedData/App-ddycufmknjnqjpapxysqwvuelnli/Build/Intermediates.noindex/ArchiveIntermediates/App/InstallationBuildProductsLocation/Applications/App.app/Info.plist

CopySwiftLibs /Users/shinnomika/Library/Developer/Xcode/DerivedData/App-ddycufmknjnqjpapxysqwvuelnli/Build/Intermediates.noindex/ArchiveIntermediates/App/InstallationBuildProductsLocation/Applications/App.app (in target 'App' from project 'App')
    cd /Users/shinnomika/git/kondate-planner/native/ios/App
    builtin-swiftStdLibTool --copy --verbose --sign 42A1D3EFB316A472EDCA3270F550EE227BB47B66 --scan-executable /Users/shinnomika/Library/Developer/Xcode/DerivedData/App-ddycufmknjnqjpapxysqwvuelnli/Build/Intermediates.noindex/ArchiveIntermediates/App/InstallationBuildProductsLocation/Applications/App.app/App --scan-folder /Users/shinnomika/Library/Developer/Xcode/DerivedData/App-ddycufmknjnqjpapxysqwvuelnli/Build/Intermediates.noindex/ArchiveIntermediates/App/InstallationBuildProductsLocation/Applications/App.app/Frameworks --scan-folder /Users/shinnomika/Library/Developer/Xcode/DerivedData/App-ddycufmknjnqjpapxysqwvuelnli/Build/Intermediates.noindex/ArchiveIntermediates/App/InstallationBuildProductsLocation/Applications/App.app/PlugIns --scan-folder /Users/shinnomika/Library/Developer/Xcode/DerivedData/App-ddycufmknjnqjpapxysqwvuelnli/Build/Intermediates.noindex/ArchiveIntermediates/App/InstallationBuildProductsLocation/Applications/App.app/SystemExtensions --scan-folder /Users/shinnomika/Library/Developer/Xcode/DerivedData/App-ddycufmknjnqjpapxysqwvuelnli/Build/Intermediates.noindex/ArchiveIntermediates/App/InstallationBuildProductsLocation/Applications/App.app/Extensions --platform iphoneos --toolchain /Applications/Xcode.app/Contents/Developer/Toolchains/XcodeDefault.xctoolchain --destination /Users/shinnomika/Library/Developer/Xcode/DerivedData/App-ddycufmknjnqjpapxysqwvuelnli/Build/Intermediates.noindex/ArchiveIntermediates/App/InstallationBuildProductsLocation/Applications/App.app/Frameworks --unsigned-destination /Users/shinnomika/Library/Developer/Xcode/DerivedData/App-ddycufmknjnqjpapxysqwvuelnli/Build/Intermediates.noindex/ArchiveIntermediates/App/BuildProductsPath/SwiftSupport --strip-bitcode --strip-bitcode-tool /Applications/Xcode.app/Contents/Developer/Toolchains/XcodeDefault.xctoolchain/usr/bin/bitcode_strip --emit-dependency-info /Users/shinnomika/Library/Developer/Xcode/DerivedData/App-ddycufmknjnqjpapxysqwvuelnli/Build/Intermediates.noindex/ArchiveIntermediates/App/IntermediateBuildFilesPath/App.build/Release-iphoneos/App.build/SwiftStdLibToolInputDependencies.dep --filter-for-swift-os --back-deploy-swift-span

ExtractAppIntentsMetadata (in target 'App' from project 'App')
    cd /Users/shinnomika/git/kondate-planner/native/ios/App
    /Applications/Xcode.app/Contents/Developer/Toolchains/XcodeDefault.xctoolchain/usr/bin/appintentsmetadataprocessor --toolchain-dir /Applications/Xcode.app/Contents/Developer/Toolchains/XcodeDefault.xctoolchain --module-name App --sdk-root /Applications/Xcode.app/Contents/Developer/Platforms/iPhoneOS.platform/Developer/SDKs/iPhoneOS26.5.sdk --xcode-version 17F113 --platform-family iOS --deployment-target 15.0 --bundle-identifier com.experisent.kondate --output /Users/shinnomika/Library/Developer/Xcode/DerivedData/App-ddycufmknjnqjpapxysqwvuelnli/Build/Intermediates.noindex/ArchiveIntermediates/App/InstallationBuildProductsLocation/Applications/App.app --target-triple arm64-apple-ios15.0 --binary-file /Users/shinnomika/Library/Developer/Xcode/DerivedData/App-ddycufmknjnqjpapxysqwvuelnli/Build/Intermediates.noindex/ArchiveIntermediates/App/InstallationBuildProductsLocation/Applications/App.app/App --dependency-file /Users/shinnomika/Library/Developer/Xcode/DerivedData/App-ddycufmknjnqjpapxysqwvuelnli/Build/Intermediates.noindex/ArchiveIntermediates/App/IntermediateBuildFilesPath/App.build/Release-iphoneos/App.build/Objects-normal/arm64/App_dependency_info.dat --stringsdata-file /Users/shinnomika/Library/Developer/Xcode/DerivedData/App-ddycufmknjnqjpapxysqwvuelnli/Build/Intermediates.noindex/ArchiveIntermediates/App/IntermediateBuildFilesPath/App.build/Release-iphoneos/App.build/Objects-normal/arm64/ExtractedAppShortcutsMetadata.stringsdata --source-file-list /Users/shinnomika/Library/Developer/Xcode/DerivedData/App-ddycufmknjnqjpapxysqwvuelnli/Build/Intermediates.noindex/ArchiveIntermediates/App/IntermediateBuildFilesPath/App.build/Release-iphoneos/App.build/Objects-normal/arm64/App.SwiftFileList --metadata-file-list /Users/shinnomika/Library/Developer/Xcode/DerivedData/App-ddycufmknjnqjpapxysqwvuelnli/Build/Intermediates.noindex/ArchiveIntermediates/App/IntermediateBuildFilesPath/App.build/Release-iphoneos/App.build/App.DependencyMetadataFileList --static-metadata-file-list /Users/shinnomika/Library/Developer/Xcode/DerivedData/App-ddycufmknjnqjpapxysqwvuelnli/Build/Intermediates.noindex/ArchiveIntermediates/App/IntermediateBuildFilesPath/App.build/Release-iphoneos/App.build/App.DependencyStaticMetadataFileList --swift-const-vals-list /Users/shinnomika/Library/Developer/Xcode/DerivedData/App-ddycufmknjnqjpapxysqwvuelnli/Build/Intermediates.noindex/ArchiveIntermediates/App/IntermediateBuildFilesPath/App.build/Release-iphoneos/App.build/Objects-normal/arm64/App.SwiftConstValuesFileList --compile-time-extraction --deployment-aware-processing --validate-assistant-intents --no-app-shortcuts-localization
2026-09-03 17:08:21.803 appintentsmetadataprocessor[54911:101655127] Starting appintentsmetadataprocessor export
2026-09-03 17:08:21.805 appintentsmetadataprocessor[54911:101655127] warning: Metadata extraction skipped. No AppIntents.framework dependency found.

GenerateDSYMFile /Users/shinnomika/Library/Developer/Xcode/DerivedData/App-ddycufmknjnqjpapxysqwvuelnli/Build/Intermediates.noindex/ArchiveIntermediates/App/BuildProductsPath/Release-iphoneos/App.app.dSYM /Users/shinnomika/Library/Developer/Xcode/DerivedData/App-ddycufmknjnqjpapxysqwvuelnli/Build/Intermediates.noindex/ArchiveIntermediates/App/InstallationBuildProductsLocation/Applications/App.app/App (in target 'App' from project 'App')
    cd /Users/shinnomika/git/kondate-planner/native/ios/App
    /Applications/Xcode.app/Contents/Developer/Toolchains/XcodeDefault.xctoolchain/usr/bin/dsymutil /Users/shinnomika/Library/Developer/Xcode/DerivedData/App-ddycufmknjnqjpapxysqwvuelnli/Build/Intermediates.noindex/ArchiveIntermediates/App/InstallationBuildProductsLocation/Applications/App.app/App -o /Users/shinnomika/Library/Developer/Xcode/DerivedData/App-ddycufmknjnqjpapxysqwvuelnli/Build/Intermediates.noindex/ArchiveIntermediates/App/BuildProductsPath/Release-iphoneos/App.app.dSYM

AppIntentsSSUTraining (in target 'App' from project 'App')
    cd /Users/shinnomika/git/kondate-planner/native/ios/App
    /Applications/Xcode.app/Contents/Developer/Toolchains/XcodeDefault.xctoolchain/usr/bin/appintentsnltrainingprocessor --infoplist-path /Users/shinnomika/Library/Developer/Xcode/DerivedData/App-ddycufmknjnqjpapxysqwvuelnli/Build/Intermediates.noindex/ArchiveIntermediates/App/InstallationBuildProductsLocation/Applications/App.app/Info.plist --temp-dir-path /Users/shinnomika/Library/Developer/Xcode/DerivedData/App-ddycufmknjnqjpapxysqwvuelnli/Build/Intermediates.noindex/ArchiveIntermediates/App/IntermediateBuildFilesPath/App.build/Release-iphoneos/App.build/ssu --bundle-id com.experisent.kondate --product-path /Users/shinnomika/Library/Developer/Xcode/DerivedData/App-ddycufmknjnqjpapxysqwvuelnli/Build/Intermediates.noindex/ArchiveIntermediates/App/InstallationBuildProductsLocation/Applications/App.app --extracted-metadata-path /Users/shinnomika/Library/Developer/Xcode/DerivedData/App-ddycufmknjnqjpapxysqwvuelnli/Build/Intermediates.noindex/ArchiveIntermediates/App/InstallationBuildProductsLocation/Applications/App.app/Metadata.appintents --deployment-postprocessing --metadata-file-list /Users/shinnomika/Library/Developer/Xcode/DerivedData/App-ddycufmknjnqjpapxysqwvuelnli/Build/Intermediates.noindex/ArchiveIntermediates/App/IntermediateBuildFilesPath/App.build/Release-iphoneos/App.build/App.DependencyMetadataFileList --source-file /Users/shinnomika/Library/Developer/Xcode/DerivedData/App-ddycufmknjnqjpapxysqwvuelnli/Build/Intermediates.noindex/ArchiveIntermediates/App/InstallationBuildProductsLocation/Applications/App.app/Info.plist --archive-ssu-assets
2026-09-03 17:08:21.829 appintentsnltrainingprocessor[54914:101655131] Parsing options for appintentsnltrainingprocessor
2026-09-03 17:08:21.831 appintentsnltrainingprocessor[54914:101655131] Starting AppIntents SSU YAML Generation
2026-09-03 17:08:21.831 appintentsnltrainingprocessor[54914:101655131] No AppShortcuts found - Skipping.

Strip /Users/shinnomika/Library/Developer/Xcode/DerivedData/App-ddycufmknjnqjpapxysqwvuelnli/Build/Intermediates.noindex/ArchiveIntermediates/App/InstallationBuildProductsLocation/Applications/App.app/App (in target 'App' from project 'App')
    cd /Users/shinnomika/git/kondate-planner/native/ios/App
    /Applications/Xcode.app/Contents/Developer/Toolchains/XcodeDefault.xctoolchain/usr/bin/strip -D /Users/shinnomika/Library/Developer/Xcode/DerivedData/App-ddycufmknjnqjpapxysqwvuelnli/Build/Intermediates.noindex/ArchiveIntermediates/App/InstallationBuildProductsLocation/Applications/App.app/App

SetOwnerAndGroup shinnomika:staff /Users/shinnomika/Library/Developer/Xcode/DerivedData/App-ddycufmknjnqjpapxysqwvuelnli/Build/Intermediates.noindex/ArchiveIntermediates/App/InstallationBuildProductsLocation/Applications/App.app (in target 'App' from project 'App')
    cd /Users/shinnomika/git/kondate-planner/native/ios/App
    /usr/sbin/chown -RH shinnomika:staff /Users/shinnomika/Library/Developer/Xcode/DerivedData/App-ddycufmknjnqjpapxysqwvuelnli/Build/Intermediates.noindex/ArchiveIntermediates/App/InstallationBuildProductsLocation/Applications/App.app

SetMode u+w,go-w,a+rX /Users/shinnomika/Library/Developer/Xcode/DerivedData/App-ddycufmknjnqjpapxysqwvuelnli/Build/Intermediates.noindex/ArchiveIntermediates/App/InstallationBuildProductsLocation/Applications/App.app (in target 'App' from project 'App')
    cd /Users/shinnomika/git/kondate-planner/native/ios/App
    /bin/chmod -RH u+w,go-w,a+rX /Users/shinnomika/Library/Developer/Xcode/DerivedData/App-ddycufmknjnqjpapxysqwvuelnli/Build/Intermediates.noindex/ArchiveIntermediates/App/InstallationBuildProductsLocation/Applications/App.app

CodeSign /Users/shinnomika/Library/Developer/Xcode/DerivedData/App-ddycufmknjnqjpapxysqwvuelnli/Build/Intermediates.noindex/ArchiveIntermediates/App/InstallationBuildProductsLocation/Applications/App.app (in target 'App' from project 'App')
    cd /Users/shinnomika/git/kondate-planner/native/ios/App
    
    Signing Identity:     "Apple Development: MIKA SHINNO (NQY6KAM2LC)"
    Provisioning Profile: "iOS Team Provisioning Profile: *"
                          (03c2e1fb-006c-409a-99e8-524ca45918d5)
    
    /usr/bin/codesign --force --sign 42A1D3EFB316A472EDCA3270F550EE227BB47B66 --entitlements /Users/shinnomika/Library/Developer/Xcode/DerivedData/App-ddycufmknjnqjpapxysqwvuelnli/Build/Intermediates.noindex/ArchiveIntermediates/App/IntermediateBuildFilesPath/App.build/Release-iphoneos/App.build/App.app.xcent --generate-entitlement-der /Users/shinnomika/Library/Developer/Xcode/DerivedData/App-ddycufmknjnqjpapxysqwvuelnli/Build/Intermediates.noindex/ArchiveIntermediates/App/InstallationBuildProductsLocation/Applications/App.app

RegisterExecutionPolicyException /Users/shinnomika/Library/Developer/Xcode/DerivedData/App-ddycufmknjnqjpapxysqwvuelnli/Build/Intermediates.noindex/ArchiveIntermediates/App/InstallationBuildProductsLocation/Applications/App.app (in target 'App' from project 'App')
    cd /Users/shinnomika/git/kondate-planner/native/ios/App
    builtin-RegisterExecutionPolicyException /Users/shinnomika/Library/Developer/Xcode/DerivedData/App-ddycufmknjnqjpapxysqwvuelnli/Build/Intermediates.noindex/ArchiveIntermediates/App/InstallationBuildProductsLocation/Applications/App.app

Validate /Users/shinnomika/Library/Developer/Xcode/DerivedData/App-ddycufmknjnqjpapxysqwvuelnli/Build/Intermediates.noindex/ArchiveIntermediates/App/InstallationBuildProductsLocation/Applications/App.app (in target 'App' from project 'App')
    cd /Users/shinnomika/git/kondate-planner/native/ios/App
    builtin-validationUtility /Users/shinnomika/Library/Developer/Xcode/DerivedData/App-ddycufmknjnqjpapxysqwvuelnli/Build/Intermediates.noindex/ArchiveIntermediates/App/InstallationBuildProductsLocation/Applications/App.app -validate-for-store -shallow-bundle -infoplist-subpath Info.plist

Touch /Users/shinnomika/Library/Developer/Xcode/DerivedData/App-ddycufmknjnqjpapxysqwvuelnli/Build/Intermediates.noindex/ArchiveIntermediates/App/InstallationBuildProductsLocation/Applications/App.app (in target 'App' from project 'App')
    cd /Users/shinnomika/git/kondate-planner/native/ios/App
    /usr/bin/touch -c /Users/shinnomika/Library/Developer/Xcode/DerivedData/App-ddycufmknjnqjpapxysqwvuelnli/Build/Intermediates.noindex/ArchiveIntermediates/App/InstallationBuildProductsLocation/Applications/App.app

** ARCHIVE SUCCEEDED **

